sample,QnrB-.assembled,QnrB-.match,QnrB-.ref_seq,QnrB-.pct_id,QnrB-.ctg_cov,aac_3__IVa.assembled,aac_3__IVa.ref_seq,aac_3__IVa.pct_id,aac_3__IVa.ctg_cov,aac_3__IVa.novel_var,aac_3__IVa.G245fs,aadA-.assembled,aadA-.match,aadA-.ref_seq,aadA-.pct_id,aadA-.ctg_cov,aadA-.novel_var,aadA-.L11del,aadA-.T15fs,aadA-_1.assembled,aadA-_1.match,aadA-_1.ref_seq,aadA-_1.pct_id,aadA-_1.ctg_cov,aadA-_1.novel_var,aadA-_1.F149L,aadA-_1.F153L,aadA-_1.F252Y,aadA-_1.H238R,aadA-_1.H245Q,aadA-_1.I198V,aadA-_1.I213M,aadA-_1.I250V,aadA-_1.I258T,aadA-_1.I86V,aadA-_1.K167T,aadA-_1.K171T,aadA-_1.K214E,aadA-_1.K228R,aadA-_1.K235E,aadA-_1.L224I,aadA-_1.L90I,aadA-_1.M122T,aadA-_1.M126T,aadA-_1.Q172P,aadA-_1.Q176P,aadA-_1.R163N,aadA-_1.R167N,aadA-_1.R251H,aadA13.assembled,aadA13.ref_seq,aadA13.pct_id,aadA13.ctg_cov,aadA13.novel_var,aadA13.M97I,aph_3___I-.assembled,aph_3___I-.match,aph_3___I-.ref_seq,aph_3___I-.pct_id,aph_3___I-.ctg_cov,aph_3___I-.novel_var,aph_3___I-.A77E,aph_3___I-.N48D,aph_3___I-.P13Q,aph_3___I-.R27K,aph_3___I-.V126A,aph_4__Ia.assembled,aph_4__Ia.match,aph_4__Ia.ref_seq,aph_4__Ia.pct_id,aph_4__Ia.ctg_cov,aph_4__Ia.novel_var,aph_4__Ia.A286T,blaCARB_-.assembled,blaCARB_-.match,blaCARB_-.ref_seq,blaCARB_-.pct_id,blaCARB_-.ctg_cov,blaCARB_-.novel_var,blaCARB_-.F77L,blaTEM_-.assembled,blaTEM_-.match,blaTEM_-.ref_seq,blaTEM_-.pct_id,blaTEM_-.ctg_cov,blaTEM_-.novel_var,blaTEM_-.A245_L246insS,blaTEM_-.A270R,blaTEM_-.K102E,blaTEM_-.K4Q,blaTEM_-.T180M,blaTEM_-.V125I,catA1.assembled,catA1.match,catA1.ref_seq,catA1.pct_id,catA1.ctg_cov,cml-.assembled,cml-.match,cml-.ref_seq,cml-.pct_id,cml-.ctg_cov,cml-.novel_var,cml-.G412E,cml-.H167fs,dfrA1.assembled,dfrA1.match,dfrA1.ref_seq,dfrA1.pct_id,dfrA1.ctg_cov,dfrA12.assembled,dfrA12.match,dfrA12.ref_seq,dfrA12.pct_id,dfrA12.ctg_cov,dfrA14.assembled,dfrA14.match,dfrA14.ref_seq,dfrA14.pct_id,dfrA14.ctg_cov,dfrA14.novel_var,dfrA14.S25P,floR.assembled,floR.match,floR.ref_seq,floR.pct_id,floR.ctg_cov,floR.novel_var,floR.M147I,floR.M147V,mef_B_.assembled,mef_B_.ref_seq,mef_B_.pct_id,mef_B_.ctg_cov,mph_B_.assembled,mph_B_.match,mph_B_.ref_seq,mph_B_.pct_id,mph_B_.ctg_cov,strA.assembled,strA.match,strA.ref_seq,strA.pct_id,strA.ctg_cov,strA.novel_var,strB.assembled,strB.match,strB.ref_seq,strB.pct_id,strB.ctg_cov,strB.novel_var,sul-.assembled,sul-.match,sul-.ref_seq,sul-.pct_id,sul-.ctg_cov,sul-.novel_var,sul-.L205M,sul2.assembled,sul2.match,sul2.ref_seq,sul2.pct_id,sul2.ctg_cov,sul2.novel_var,sul3.assembled,sul3.match,sul3.ref_seq,sul3.pct_id,sul3.ctg_cov,tet_A_.assembled,tet_A_.match,tet_A_.ref_seq,tet_A_.pct_id,tet_A_.ctg_cov,tet_A_.novel_var,tet_A_.T42A,tet_B_.assembled,tet_B_.match,tet_B_.ref_seq,tet_B_.pct_id,tet_B_.ctg_cov,tet_B_.novel_var,tet_C_.assembled,tet_C_.match,tet_C_.ref_seq,tet_C_.pct_id,tet_C_.ctg_cov,tet_C_.novel_var,tet_C_.V355F,tet_G_.assembled,tet_G_.match,tet_G_.ref_seq,tet_G_.pct_id,tet_G_.ctg_cov,tet_G_.novel_var,tet_G_.P92R
out.runL00005-10/report.tsv,no,no,NA,NA,NA,no,NA,NA,NA,NA,NA,yes,yes,aadA1.3_JQ414041,100.0,37.6,no,no,no,yes_nonunique,yes,aadA2.2_JQ364967,100.0,42.3,yes,no,no,no,no,no,no,no,no,no,no,no,yes,no,no,no,no,no,no,yes,no,yes,no,yes,no,no,NA,NA,NA,NA,NA,no,no,NA,NA,NA,NA,NA,NA,NA,NA,NA,no,no,NA,NA,NA,NA,NA,no,no,NA,NA,NA,NA,NA,yes,yes,blaTEM_1B.1_JF910132,100.0,33.5,no,no,no,no,no,no,no,no,no,NA,NA,NA,yes,yes,cmlA1.1_M64556,99.92,38.2,yes,yes,no,no,no,NA,NA,NA,yes,yes,dfrA12.1_AB571791,100.0,35.0,no,no,NA,NA,NA,NA,NA,no,no,NA,NA,NA,NA,NA,NA,partial,mef_B_.1_FJ196385,100.0,23.6,no,no,NA,NA,NA,partial,no,strA.5_AF321550,100.0,1.8,no,no,no,NA,NA,NA,NA,no,no,NA,NA,NA,NA,NA,partial,no,sul2.2_GQ421466,100.0,2.4,no,yes,yes,sul3.2_AJ459418,100.0,44.1,no,no,NA,NA,NA,NA,NA,no,no,NA,NA,NA,NA,no,no,NA,NA,NA,NA,NA,no,no,NA,NA,NA,NA,NA
out.runL00427-10/report.tsv,no,no,NA,NA,NA,no,NA,NA,NA,NA,NA,no,no,NA,NA,NA,NA,NA,NA,yes,yes,aadA2.2_JQ364967,100.0,35.4,no,no,no,no,no,no,no,no,no,no,no,no,no,no,no,no,no,no,no,no,no,no,no,no,no,no,NA,NA,NA,NA,NA,yes,yes,aph_3___Ia.1_V00359,100.0,10.2,no,no,no,no,no,no,no,no,NA,NA,NA,NA,NA,no,no,NA,NA,NA,NA,NA,yes,yes,blaTEM_1B.1_JF910132,100.0,32.8,no,no,no,no,no,no,no,no,no,NA,NA,NA,partial,no,cml.1_M22614,95.88,1.4,yes,no,yes,no,no,NA,NA,NA,yes,yes,dfrA12.1_AB571791,100.0,30.9,no,no,NA,NA,NA,NA,NA,no,no,NA,NA,NA,NA,NA,NA,no,NA,NA,NA,no,no,NA,NA,NA,no,no,NA,NA,NA,NA,no,no,NA,NA,NA,NA,yes,yes,sul1.1_AY224185,100.0,25.3,no,no,no,no,NA,NA,NA,NA,partial,no,sul3.2_AJ459418,100.0,2.3,no,no,NA,NA,NA,NA,NA,yes,yes,tet_B_.4_AF326777,100.0,121.6,no,no,no,NA,NA,NA,NA,NA,no,no,NA,NA,NA,NA,NA
out.runL00461-07/report.tsv,no,no,NA,NA,NA,no,NA,NA,NA,NA,NA,no,no,NA,NA,NA,NA,NA,NA,yes,yes,aadA2.1_X68227,100.0,71.3,no,no,no,no,no,no,no,no,no,no,no,no,no,no,no,no,no,no,no,no,no,no,no,no,no,no,NA,NA,NA,NA,NA,no,no,NA,NA,NA,NA,NA,NA,NA,NA,NA,no,no,NA,NA,NA,NA,NA,yes,yes,blaCARB_2.1_M69058,100.0,88.7,no,no,no,no,NA,NA,NA,NA,NA,NA,NA,NA,NA,NA,no,no,NA,NA,NA,no,no,NA,NA,NA,NA,NA,NA,no,no,NA,NA,NA,no,no,NA,NA,NA,no,no,NA,NA,NA,NA,NA,yes,yes,floR.2_AF118107,100.0,79.8,no,no,no,no,NA,NA,NA,no,no,NA,NA,NA,no,no,NA,NA,NA,NA,no,no,NA,NA,NA,NA,fragmented,no,sul1.2_CP002151,100.0,164.7,no,no,no,no,NA,NA,NA,NA,no,no,NA,NA,NA,no,no,NA,NA,NA,NA,NA,no,no,NA,NA,NA,NA,no,no,NA,NA,NA,NA,NA,yes,yes,tet_G_.5_AF071555,100.0,70.2,no,no
out.runL00738-11/report.tsv,no,no,NA,NA,NA,no,NA,NA,NA,NA,NA,no,no,NA,NA,NA,NA,NA,NA,no,no,NA,NA,NA,NA,NA,NA,NA,NA,NA,NA,NA,NA,NA,NA,NA,NA,NA,NA,NA,NA,NA,NA,NA,NA,NA,NA,NA,NA,no,NA,NA,NA,NA,NA,no,no,NA,NA,NA,NA,NA,NA,NA,NA,NA,no,no,NA,NA,NA,NA,NA,no,no,NA,NA,NA,NA,NA,no,no,NA,NA,NA,NA,NA,NA,NA,NA,NA,NA,no,no,NA,NA,NA,no,no,NA,NA,NA,NA,NA,NA,no,no,NA,NA,NA,no,no,NA,NA,NA,no,no,NA,NA,NA,NA,NA,no,no,NA,NA,NA,NA,NA,NA,no,NA,NA,NA,no,no,NA,NA,NA,no,no,NA,NA,NA,NA,no,no,NA,NA,NA,NA,no,no,NA,NA,NA,NA,NA,no,no,NA,NA,NA,NA,no,no,NA,NA,NA,no,no,NA,NA,NA,NA,NA,no,no,NA,NA,NA,NA,no,no,NA,NA,NA,NA,NA,no,no,NA,NA,NA,NA,NA
out.runL00746-11/report.tsv,no,no,NA,NA,NA,interrupted,aac_3__IVa.1_X01385,99.87,33.9,yes,yes,yes,yes,aadA1.3_JQ414041,100.0,40.2,no,no,no,yes_nonunique,yes,aadA2.2_JQ364967,100.0,46.6,yes,no,yes,no,no,no,no,no,no,no,no,no,yes,no,no,no,no,no,no,yes,no,yes,no,yes,no,no,NA,NA,NA,NA,NA,no,no,NA,NA,NA,NA,NA,NA,NA,NA,NA,fragmented,no,aph_4__Ia.1_V01499,100.0,39.9,no,no,no,no,NA,NA,NA,NA,NA,fragmented,no,blaTEM_124.1_AY327540,99.57,29.7,yes,yes,yes,yes,yes,yes,no,no,no,NA,NA,NA,yes,yes,cmlA1.1_M64556,99.92,47.3,yes,yes,no,no,no,NA,NA,NA,yes,yes,dfrA12.1_AB571791,100.0,35.0,no,no,NA,NA,NA,NA,NA,no,no,NA,NA,NA,NA,NA,NA,partial,mef_B_.1_FJ196385,100.0,28.1,no,no,NA,NA,NA,no,no,NA,NA,NA,NA,no,no,NA,NA,NA,NA,no,no,NA,NA,NA,NA,NA,no,no,NA,NA,NA,NA,yes,yes,sul3.2_AJ459418,100.0,47.2,no,no,NA,NA,NA,NA,NA,no,no,NA,NA,NA,NA,no,no,NA,NA,NA,NA,NA,no,no,NA,NA,NA,NA,NA
out.runL00777-11/report.tsv,no,no,NA,NA,NA,no,NA,NA,NA,NA,NA,no,no,NA,NA,NA,NA,NA,NA,yes,yes,aadA2.2_JQ364967,100.0,7.3,no,no,no,no,no,no,no,no,no,no,no,no,no,no,no,no,no,no,no,no,no,no,no,no,no,no,NA,NA,NA,NA,NA,no,no,NA,NA,NA,NA,NA,NA,NA,NA,NA,no,no,NA,NA,NA,NA,NA,no,no,NA,NA,NA,NA,NA,yes,yes,blaTEM_1B.1_JF910132,100.0,7.0,no,no,no,no,no,no,no,no,no,NA,NA,NA,yes,yes,cmlA1.1_M64556,99.92,8.8,yes,yes,no,no,no,NA,NA,NA,yes,yes,dfrA12.1_AB571791,100.0,5.5,no,no,NA,NA,NA,NA,NA,no,no,NA,NA,NA,NA,NA,NA,partial,mef_B_.1_FJ196385,100.0,4.8,no,no,NA,NA,NA,yes,yes,strA.4_AF321551,100.0,57.3,no,yes,yes,strB.1_M96392,100.0,55.5,no,no,no,NA,NA,NA,NA,NA,yes,yes,sul2.2_GQ421466,100.0,56.1,no,yes,yes,sul3.2_AJ459418,100.0,7.8,yes,yes,tet_A_.4_AJ517790,100.0,60.2,no,no,no,no,NA,NA,NA,NA,no,no,NA,NA,NA,NA,NA,no,no,NA,NA,NA,NA,NA
out.runL00886-06/report.tsv,no,no,NA,NA,NA,no,NA,NA,NA,NA,NA,no,no,NA,NA,NA,NA,NA,NA,no,no,NA,NA,NA,NA,NA,NA,NA,NA,NA,NA,NA,NA,NA,NA,NA,NA,NA,NA,NA,NA,NA,NA,NA,NA,NA,NA,NA,NA,no,NA,NA,NA,NA,NA,no,no,NA,NA,NA,NA,NA,NA,NA,NA,NA,no,no,NA,NA,NA,NA,NA,no,no,NA,NA,NA,NA,NA,no,no,NA,NA,NA,NA,NA,NA,NA,NA,NA,NA,no,no,NA,NA,NA,no,no,NA,NA,NA,NA,NA,NA,no,no,NA,NA,NA,no,no,NA,NA,NA,no,no,NA,NA,NA,NA,NA,no,no,NA,NA,NA,NA,NA,NA,no,NA,NA,NA,no,no,NA,NA,NA,no,no,NA,NA,NA,NA,no,no,NA,NA,NA,NA,no,no,NA,NA,NA,NA,NA,no,no,NA,NA,NA,NA,no,no,NA,NA,NA,no,no,NA,NA,NA,NA,NA,no,no,NA,NA,NA,NA,no,no,NA,NA,NA,NA,NA,no,no,NA,NA,NA,NA,NA
out.runL00911-05/report.tsv,no,no,NA,NA,NA,no,NA,NA,NA,NA,NA,no,no,NA,NA,NA,NA,NA,NA,no,no,NA,NA,NA,NA,NA,NA,NA,NA,NA,NA,NA,NA,NA,NA,NA,NA,NA,NA,NA,NA,NA,NA,NA,NA,NA,NA,NA,NA,no,NA,NA,NA,NA,NA,no,no,NA,NA,NA,NA,NA,NA,NA,NA,NA,no,no,NA,NA,NA,NA,NA,no,no,NA,NA,NA,NA,NA,no,no,NA,NA,NA,NA,NA,NA,NA,NA,NA,NA,no,no,NA,NA,NA,no,no,NA,NA,NA,NA,NA,NA,no,no,NA,NA,NA,no,no,NA,NA,NA,no,no,NA,NA,NA,NA,NA,no,no,NA,NA,NA,NA,NA,NA,no,NA,NA,NA,no,no,NA,NA,NA,no,no,NA,NA,NA,NA,no,no,NA,NA,NA,NA,no,no,NA,NA,NA,NA,NA,no,no,NA,NA,NA,NA,no,no,NA,NA,NA,no,no,NA,NA,NA,NA,NA,no,no,NA,NA,NA,NA,yes,yes,tet_C_.5_NC_003213,99.92,140.6,yes,yes,no,no,NA,NA,NA,NA,NA
out.runL01077-08/report.tsv,no,no,NA,NA,NA,no,NA,NA,NA,NA,NA,no,no,NA,NA,NA,NA,NA,NA,no,no,NA,NA,NA,NA,NA,NA,NA,NA,NA,NA,NA,NA,NA,NA,NA,NA,NA,NA,NA,NA,NA,NA,NA,NA,NA,NA,NA,NA,no,NA,NA,NA,NA,NA,no,no,NA,NA,NA,NA,NA,NA,NA,NA,NA,no,no,NA,NA,NA,NA,NA,no,no,NA,NA,NA,NA,NA,no,no,NA,NA,NA,NA,NA,NA,NA,NA,NA,NA,no,no,NA,NA,NA,no,no,NA,NA,NA,NA,NA,NA,no,no,NA,NA,NA,no,no,NA,NA,NA,yes,yes,dfrA14.1_DQ388123,99.79,584.8,yes,yes,no,no,NA,NA,NA,NA,NA,NA,no,NA,NA,NA,no,no,NA,NA,NA,fragmented,no,strA.4_AF321551,100.0,554.7,no,yes,yes,strB.1_M96392,100.0,638.8,no,no,no,NA,NA,NA,NA,NA,yes,yes,sul2.2_GQ421466,100.0,596.4,no,no,no,NA,NA,NA,no,no,NA,NA,NA,NA,NA,yes,yes,tet_B_.4_AF326777,100.0,74.4,no,no,no,NA,NA,NA,NA,NA,no,no,NA,NA,NA,NA,NA
out.runL01210-11/report.tsv,no,no,NA,NA,NA,no,NA,NA,NA,NA,NA,yes,yes,aadA1.3_JQ414041,100.0,33.2,no,no,no,yes_nonunique,yes,aadA2.2_JQ364967,100.0,33.6,yes,no,no,no,no,no,no,no,no,no,no,no,no,no,no,no,no,no,no,no,no,no,no,no,no,no,NA,NA,NA,NA,NA,no,no,NA,NA,NA,NA,NA,NA,NA,NA,NA,no,no,NA,NA,NA,NA,NA,no,no,NA,NA,NA,NA,NA,yes,yes,blaTEM_206.1_KC783461,100.0,23.3,no,no,no,no,no,no,no,no,no,NA,NA,NA,yes,yes,cmlA1.1_M64556,99.92,34.0,yes,yes,no,no,no,NA,NA,NA,yes,yes,dfrA12.1_AB571791,100.0,30.1,no,no,NA,NA,NA,NA,NA,no,no,NA,NA,NA,NA,NA,NA,partial,mef_B_.1_FJ196385,100.0,16.4,no,no,NA,NA,NA,yes,yes,strA.4_AF321551,100.0,468.9,no,yes,yes,strB.1_M96392,100.0,473.5,no,no,no,NA,NA,NA,NA,NA,yes,yes,sul2.2_GQ421466,100.0,461.8,no,yes,yes,sul3.2_AJ459418,100.0,30.7,yes,yes,tet_A_.4_AJ517790,100.0,508.3,no,no,no,no,NA,NA,NA,NA,no,no,NA,NA,NA,NA,NA,no,no,NA,NA,NA,NA,NA
out.runL01443-09/report.tsv,no,no,NA,NA,NA,no,NA,NA,NA,NA,NA,no,no,NA,NA,NA,NA,NA,NA,no,no,NA,NA,NA,NA,NA,NA,NA,NA,NA,NA,NA,NA,NA,NA,NA,NA,NA,NA,NA,NA,NA,NA,NA,NA,NA,NA,NA,NA,no,NA,NA,NA,NA,NA,no,no,NA,NA,NA,NA,NA,NA,NA,NA,NA,no,no,NA,NA,NA,NA,NA,no,no,NA,NA,NA,NA,NA,no,no,NA,NA,NA,NA,NA,NA,NA,NA,NA,NA,no,no,NA,NA,NA,no,no,NA,NA,NA,NA,NA,NA,no,no,NA,NA,NA,no,no,NA,NA,NA,no,no,NA,NA,NA,NA,NA,no,no,NA,NA,NA,NA,NA,NA,no,NA,NA,NA,no,no,NA,NA,NA,no,no,NA,NA,NA,NA,no,no,NA,NA,NA,NA,no,no,NA,NA,NA,NA,NA,no,no,NA,NA,NA,NA,no,no,NA,NA,NA,no,no,NA,NA,NA,NA,NA,no,no,NA,NA,NA,NA,no,no,NA,NA,NA,NA,NA,no,no,NA,NA,NA,NA,NA
out.runL02428-05/report.tsv,no,no,NA,NA,NA,no,NA,NA,NA,NA,NA,no,no,NA,NA,NA,NA,NA,NA,partial,no,aadA2.1_X68227,100.0,2.2,no,no,no,no,no,no,no,no,no,no,no,no,no,no,no,no,no,no,no,no,no,no,no,no,no,no,NA,NA,NA,NA,NA,no,no,NA,NA,NA,NA,NA,NA,NA,NA,NA,no,no,NA,NA,NA,NA,NA,partial,no,blaCARB_3.1_S46063,99.81,1.6,yes,yes,no,no,NA,NA,NA,NA,NA,NA,NA,NA,NA,NA,no,no,NA,NA,NA,no,no,NA,NA,NA,NA,NA,NA,no,no,NA,NA,NA,no,no,NA,NA,NA,no,no,NA,NA,NA,NA,NA,no,no,NA,NA,NA,NA,NA,NA,no,NA,NA,NA,no,no,NA,NA,NA,no,no,NA,NA,NA,NA,no,no,NA,NA,NA,NA,no,no,NA,NA,NA,NA,NA,no,no,NA,NA,NA,NA,no,no,NA,NA,NA,no,no,NA,NA,NA,NA,NA,no,no,NA,NA,NA,NA,no,no,NA,NA,NA,NA,NA,no,no,NA,NA,NA,NA,NA
out.runS00039-03/report.tsv,no,no,NA,NA,NA,no,NA,NA,NA,NA,NA,yes,yes,aadA1.3_JQ414041,100.0,78.0,no,no,no,yes_nonunique,yes,aadA2.2_JQ364967,100.0,80.3,yes,no,no,no,no,no,no,no,no,no,no,no,no,no,no,no,no,no,no,no,no,no,no,no,no,no,NA,NA,NA,NA,NA,no,no,NA,NA,NA,NA,NA,NA,NA,NA,NA,no,no,NA,NA,NA,NA,NA,no,no,NA,NA,NA,NA,NA,yes,yes,blaTEM_1B.1_JF910132,100.0,62.7,no,no,no,no,no,no,no,no,no,NA,NA,NA,yes,yes,cmlA1.1_M64556,99.92,76.4,yes,yes,no,no,no,NA,NA,NA,yes,yes,dfrA12.1_AB571791,100.0,67.4,no,no,NA,NA,NA,NA,NA,no,no,NA,NA,NA,NA,NA,NA,partial,mef_B_.1_FJ196385,100.0,33.8,no,no,NA,NA,NA,no,no,NA,NA,NA,NA,no,no,NA,NA,NA,NA,no,no,NA,NA,NA,NA,NA,no,no,NA,NA,NA,NA,yes,yes,sul3.2_AJ459418,100.0,78.4,no,no,NA,NA,NA,NA,NA,no,no,NA,NA,NA,NA,no,no,NA,NA,NA,NA,NA,no,no,NA,NA,NA,NA,NA
out.runS00083-08/report.tsv,no,no,NA,NA,NA,no,NA,NA,NA,NA,NA,yes,yes,aadA1.3_JQ414041,100.0,23.2,no,no,no,yes_nonunique,yes,aadA2.2_JQ364967,100.0,25.6,yes,no,yes,no,no,no,no,no,no,no,no,no,yes,no,no,no,no,no,no,yes,no,yes,no,yes,no,no,NA,NA,NA,NA,NA,yes,yes,aph_3___Ic.1_X62115,100.0,96.5,no,no,no,no,no,no,no,no,NA,NA,NA,NA,NA,no,no,NA,NA,NA,NA,NA,yes,yes,blaTEM_1B.1_JF910132,100.0,21.5,no,no,no,no,no,no,no,no,no,NA,NA,NA,yes,yes,cmlA1.1_M64556,99.92,25.3,yes,yes,no,no,no,NA,NA,NA,yes,yes,dfrA12.1_AB571791,100.0,19.7,no,no,NA,NA,NA,NA,NA,no,no,NA,NA,NA,NA,NA,NA,partial,mef_B_.1_FJ196385,100.0,17.5,no,no,NA,NA,NA,yes_nonunique,yes,strA.4_AF321551,100.0,596.9,no,yes,yes,strB.1_M96392,100.0,488.1,no,no,no,NA,NA,NA,NA,NA,yes,yes,sul2.2_GQ421466,100.0,389.5,no,yes,yes,sul3.2_AJ459418,100.0,26.8,yes,yes,tet_A_.4_AJ517790,100.0,369.2,no,no,yes,yes,tet_B_.3_AP000342,100.0,103.5,no,no,no,NA,NA,NA,NA,NA,no,no,NA,NA,NA,NA,NA
out.runS00285-01/report.tsv,no,no,NA,NA,NA,no,NA,NA,NA,NA,NA,no,no,NA,NA,NA,NA,NA,NA,yes,yes,aadA2.1_X68227,100.0,229.3,no,no,no,no,no,no,no,no,no,no,no,no,no,no,no,no,no,no,no,no,no,no,no,no,no,no,NA,NA,NA,NA,NA,no,no,NA,NA,NA,NA,NA,NA,NA,NA,NA,no,no,NA,NA,NA,NA,NA,yes,yes,blaCARB_2.1_M69058,100.0,281.7,no,no,no,no,NA,NA,NA,NA,NA,NA,NA,NA,NA,NA,no,no,NA,NA,NA,no,no,NA,NA,NA,NA,NA,NA,no,no,NA,NA,NA,no,no,NA,NA,NA,yes,yes,dfrA14.1_DQ388123,99.79,8.3,yes,yes,yes,yes,floR.2_AF118107,100.0,235.9,no,no,no,no,NA,NA,NA,no,no,NA,NA,NA,fragmented,no,strA.4_AF321551,100.0,7.2,no,yes,yes,strB.1_M96392,100.0,7.7,no,fragmented,no,sul1.2_CP002151,100.0,420.4,no,no,yes,yes,sul2.2_GQ421466,100.0,8.0,no,no,no,NA,NA,NA,no,no,NA,NA,NA,NA,NA,no,no,NA,NA,NA,NA,no,no,NA,NA,NA,NA,NA,yes,yes,tet_G_.5_AF071555,100.0,253.6,no,no
out.runS00399-10/report.tsv,no,no,NA,NA,NA,no,NA,NA,NA,NA,NA,no,no,NA,NA,NA,NA,NA,NA,no,no,NA,NA,NA,NA,NA,NA,NA,NA,NA,NA,NA,NA,NA,NA,NA,NA,NA,NA,NA,NA,NA,NA,NA,NA,NA,NA,NA,NA,no,NA,NA,NA,NA,NA,no,no,NA,NA,NA,NA,NA,NA,NA,NA,NA,no,no,NA,NA,NA,NA,NA,no,no,NA,NA,NA,NA,NA,no,no,NA,NA,NA,NA,NA,NA,NA,NA,NA,NA,no,no,NA,NA,NA,no,no,NA,NA,NA,NA,NA,NA,no,no,NA,NA,NA,no,no,NA,NA,NA,no,no,NA,NA,NA,NA,NA,no,no,NA,NA,NA,NA,NA,NA,no,NA,NA,NA,no,no,NA,NA,NA,no,no,NA,NA,NA,NA,no,no,NA,NA,NA,NA,no,no,NA,NA,NA,NA,NA,no,no,NA,NA,NA,NA,no,no,NA,NA,NA,no,no,NA,NA,NA,NA,NA,no,no,NA,NA,NA,NA,no,no,NA,NA,NA,NA,NA,no,no,NA,NA,NA,NA,NA
out.runS00430-01/report.tsv,no,no,NA,NA,NA,no,NA,NA,NA,NA,NA,no,no,NA,NA,NA,NA,NA,NA,yes,yes,aadA2.1_X68227,100.0,97.6,no,no,no,no,no,no,no,no,no,no,no,no,no,no,no,no,no,no,no,no,no,no,no,no,no,no,NA,NA,NA,NA,NA,no,no,NA,NA,NA,NA,NA,NA,NA,NA,NA,no,no,NA,NA,NA,NA,NA,yes,yes,blaCARB_2.1_M69058,100.0,120.5,no,no,no,no,NA,NA,NA,NA,NA,NA,NA,NA,NA,NA,no,no,NA,NA,NA,no,no,NA,NA,NA,NA,NA,NA,no,no,NA,NA,NA,no,no,NA,NA,NA,no,no,NA,NA,NA,NA,NA,yes,yes,floR.2_AF118107,100.0,94.3,no,no,no,no,NA,NA,NA,no,no,NA,NA,NA,no,no,NA,NA,NA,NA,no,no,NA,NA,NA,NA,yes,yes,sul1.2_CP002151,100.0,169.0,no,no,no,no,NA,NA,NA,NA,no,no,NA,NA,NA,no,no,NA,NA,NA,NA,NA,no,no,NA,NA,NA,NA,no,no,NA,NA,NA,NA,NA,yes,yes,tet_G_.5_AF071555,100.0,89.4,no,no
out.runS00454-11/report.tsv,no,no,NA,NA,NA,no,NA,NA,NA,NA,NA,no,no,NA,NA,NA,NA,NA,NA,no,no,NA,NA,NA,NA,NA,NA,NA,NA,NA,NA,NA,NA,NA,NA,NA,NA,NA,NA,NA,NA,NA,NA,NA,NA,NA,NA,NA,NA,no,NA,NA,NA,NA,NA,no,no,NA,NA,NA,NA,NA,NA,NA,NA,NA,no,no,NA,NA,NA,NA,NA,no,no,NA,NA,NA,NA,NA,no,no,NA,NA,NA,NA,NA,NA,NA,NA,NA,NA,no,no,NA,NA,NA,no,no,NA,NA,NA,NA,NA,NA,no,no,NA,NA,NA,no,no,NA,NA,NA,no,no,NA,NA,NA,NA,NA,no,no,NA,NA,NA,NA,NA,NA,no,NA,NA,NA,no,no,NA,NA,NA,no,no,NA,NA,NA,NA,no,no,NA,NA,NA,NA,no,no,NA,NA,NA,NA,NA,no,no,NA,NA,NA,NA,no,no,NA,NA,NA,no,no,NA,NA,NA,NA,NA,no,no,NA,NA,NA,NA,no,no,NA,NA,NA,NA,NA,no,no,NA,NA,NA,NA,NA
out.runS00478-13/report.tsv,no,no,NA,NA,NA,interrupted,aac_3__IVa.1_X01385,99.87,65.3,yes,yes,no,no,NA,NA,NA,NA,NA,NA,no,no,NA,NA,NA,NA,NA,NA,NA,NA,NA,NA,NA,NA,NA,NA,NA,NA,NA,NA,NA,NA,NA,NA,NA,NA,NA,NA,NA,NA,no,NA,NA,NA,NA,NA,no,no,NA,NA,NA,NA,NA,NA,NA,NA,NA,yes,yes,aph_4__Ia.1_V01499,100.0,68.2,no,no,no,no,NA,NA,NA,NA,NA,yes,yes,blaTEM_1B.1_JF910132,100.0,77.6,no,no,no,no,no,no,no,no,no,NA,NA,NA,no,no,NA,NA,NA,NA,NA,NA,no,no,NA,NA,NA,no,no,NA,NA,NA,no,no,NA,NA,NA,NA,NA,no,no,NA,NA,NA,NA,NA,NA,no,NA,NA,NA,no,no,NA,NA,NA,yes_nonunique,yes,strA.1_M96392,100.0,157.0,yes,yes_nonunique,yes,strB.1_M96392,100.0,161.7,yes,no,no,NA,NA,NA,NA,NA,yes,yes,sul2.3_HQ840942,100.0,67.3,no,no,no,NA,NA,NA,no,no,NA,NA,NA,NA,NA,yes,yes,tet_B_.4_AF326777,100.0,160.0,no,no,no,NA,NA,NA,NA,NA,no,no,NA,NA,NA,NA,NA
out.runS00795-02/report.tsv,no,no,NA,NA,NA,no,NA,NA,NA,NA,NA,yes,yes,aadA1.3_JQ414041,100.0,37.6,no,no,no,yes_nonunique,yes,aadA2.2_JQ364967,100.0,36.2,yes,no,no,yes,yes,yes,yes,yes,yes,no,no,no,yes,yes,yes,yes,yes,no,no,no,no,yes,no,yes,yes,no,NA,NA,NA,NA,NA,no,no,NA,NA,NA,NA,NA,NA,NA,NA,NA,no,no,NA,NA,NA,NA,NA,no,no,NA,NA,NA,NA,NA,yes,yes,blaTEM_1B.1_JF910132,100.0,36.7,no,no,no,no,no,no,no,no,no,NA,NA,NA,yes,yes,cmlA1.1_M64556,99.92,38.7,yes,yes,no,no,no,NA,NA,NA,yes,yes,dfrA12.1_AB571791,100.0,35.3,no,no,NA,NA,NA,NA,NA,no,no,NA,NA,NA,NA,NA,NA,partial,mef_B_.1_FJ196385,100.0,23.1,no,no,NA,NA,NA,yes,yes,strA.4_AF321551,100.0,9.3,no,yes,yes,strB.1_M96392,100.0,9.1,no,no,no,NA,NA,NA,NA,NA,yes,yes,sul2.2_GQ421466,100.0,10.1,no,yes,yes,sul3.2_AJ459418,100.0,40.5,yes,yes,tet_A_.4_AJ517790,100.0,9.5,no,no,no,no,NA,NA,NA,NA,no,no,NA,NA,NA,NA,NA,no,no,NA,NA,NA,NA,NA
out.runS01117-00/report.tsv,no,no,NA,NA,NA,no,NA,NA,NA,NA,NA,partial,no,aadA1.1_X02340,95.98,43.2,yes,yes,yes,no,no,NA,NA,NA,NA,NA,NA,NA,NA,NA,NA,NA,NA,NA,NA,NA,NA,NA,NA,NA,NA,NA,NA,NA,NA,NA,NA,NA,NA,no,NA,NA,NA,NA,NA,no,no,NA,NA,NA,NA,NA,NA,NA,NA,NA,no,no,NA,NA,NA,NA,NA,yes,yes,blaCARB_2.1_M69058,100.0,104.9,no,no,no,no,NA,NA,NA,NA,NA,NA,NA,NA,NA,NA,no,no,NA,NA,NA,no,no,NA,NA,NA,NA,NA,NA,no,no,NA,NA,NA,no,no,NA,NA,NA,no,no,NA,NA,NA,NA,NA,no,no,NA,NA,NA,NA,NA,NA,no,NA,NA,NA,no,no,NA,NA,NA,no,no,NA,NA,NA,NA,no,no,NA,NA,NA,NA,yes,yes,sul1.2_CP002151,100.0,94.3,no,no,no,no,NA,NA,NA,NA,no,no,NA,NA,NA,no,no,NA,NA,NA,NA,NA,no,no,NA,NA,NA,NA,no,no,NA,NA,NA,NA,NA,no,no,NA,NA,NA,NA,NA
out.runS01119-14/report.tsv,no,no,NA,NA,NA,no,NA,NA,NA,NA,NA,yes,yes,aadA1.3_JQ414041,100.0,28.2,no,no,no,yes_nonunique,yes,aadA2.2_JQ364967,100.0,26.0,yes,no,no,no,no,no,no,no,no,no,no,no,no,no,no,no,no,no,no,no,no,no,no,no,no,no,NA,NA,NA,NA,NA,no,no,NA,NA,NA,NA,NA,NA,NA,NA,NA,no,no,NA,NA,NA,NA,NA,no,no,NA,NA,NA,NA,NA,yes,yes,blaTEM_1B.1_JF910132,100.0,21.1,no,no,no,no,no,no,no,no,no,NA,NA,NA,yes,yes,cmlA1.1_M64556,99.92,26.3,yes,yes,no,no,no,NA,NA,NA,yes,yes,dfrA12.1_AB571791,100.0,25.5,no,no,NA,NA,NA,NA,NA,no,no,NA,NA,NA,NA,NA,NA,partial,mef_B_.1_FJ196385,100.0,14.5,no,no,NA,NA,NA,no,no,NA,NA,NA,NA,no,no,NA,NA,NA,NA,no,no,NA,NA,NA,NA,NA,no,no,NA,NA,NA,NA,yes,yes,sul3.2_AJ459418,100.0,26.0,no,no,NA,NA,NA,NA,NA,no,no,NA,NA,NA,NA,no,no,NA,NA,NA,NA,NA,no,no,NA,NA,NA,NA,NA
out.runS01131-99/report.tsv,no,no,NA,NA,NA,no,NA,NA,NA,NA,NA,no,no,NA,NA,NA,NA,NA,NA,yes,yes,aadA2.1_X68227,100.0,53.9,no,no,no,no,no,no,no,no,no,no,no,no,no,no,no,no,no,no,no,no,no,no,no,no,no,no,NA,NA,NA,NA,NA,no,no,NA,NA,NA,NA,NA,NA,NA,NA,NA,no,no,NA,NA,NA,NA,NA,yes,yes,blaCARB_2.1_M69058,100.0,61.4,no,no,no,no,NA,NA,NA,NA,NA,NA,NA,NA,NA,NA,no,no,NA,NA,NA,no,no,NA,NA,NA,NA,NA,NA,no,no,NA,NA,NA,no,no,NA,NA,NA,yes,yes,dfrA14.1_DQ388123,99.79,73.8,yes,yes,yes,yes,floR.2_AF118107,100.0,50.6,no,no,no,no,NA,NA,NA,no,no,NA,NA,NA,fragmented,no,strA.4_AF321551,100.0,74.6,no,yes,yes,strB.1_M96392,100.0,75.4,no,fragmented,no,sul1.2_CP002151,100.0,106.0,no,no,yes,yes,sul2.2_GQ421466,100.0,81.1,no,no,no,NA,NA,NA,no,no,NA,NA,NA,NA,NA,no,no,NA,NA,NA,NA,no,no,NA,NA,NA,NA,NA,yes,yes,tet_G_.5_AF071555,100.0,59.7,no,no
out.runS01145-94/report.tsv,no,no,NA,NA,NA,no,NA,NA,NA,NA,NA,no,no,NA,NA,NA,NA,NA,NA,no,no,NA,NA,NA,NA,NA,NA,NA,NA,NA,NA,NA,NA,NA,NA,NA,NA,NA,NA,NA,NA,NA,NA,NA,NA,NA,NA,NA,NA,no,NA,NA,NA,NA,NA,no,no,NA,NA,NA,NA,NA,NA,NA,NA,NA,no,no,NA,NA,NA,NA,NA,no,no,NA,NA,NA,NA,NA,no,no,NA,NA,NA,NA,NA,NA,NA,NA,NA,NA,no,no,NA,NA,NA,no,no,NA,NA,NA,NA,NA,NA,no,no,NA,NA,NA,no,no,NA,NA,NA,no,no,NA,NA,NA,NA,NA,no,no,NA,NA,NA,NA,NA,NA,no,NA,NA,NA,no,no,NA,NA,NA,no,no,NA,NA,NA,NA,no,no,NA,NA,NA,NA,no,no,NA,NA,NA,NA,NA,no,no,NA,NA,NA,NA,no,no,NA,NA,NA,no,no,NA,NA,NA,NA,NA,no,no,NA,NA,NA,NA,no,no,NA,NA,NA,NA,NA,no,no,NA,NA,NA,NA,NA
out.runS01194-08/report.tsv,no,no,NA,NA,NA,no,NA,NA,NA,NA,NA,no,no,NA,NA,NA,NA,NA,NA,no,no,NA,NA,NA,NA,NA,NA,NA,NA,NA,NA,NA,NA,NA,NA,NA,NA,NA,NA,NA,NA,NA,NA,NA,NA,NA,NA,NA,NA,no,NA,NA,NA,NA,NA,no,no,NA,NA,NA,NA,NA,NA,NA,NA,NA,no,no,NA,NA,NA,NA,NA,no,no,NA,NA,NA,NA,NA,yes,yes,blaTEM_1B.1_JF910132,100.0,90.4,no,no,no,no,no,no,no,no,no,NA,NA,NA,no,no,NA,NA,NA,NA,NA,NA,no,no,NA,NA,NA,no,no,NA,NA,NA,yes,yes,dfrA14.1_DQ388123,99.79,76.0,yes,yes,no,no,NA,NA,NA,NA,NA,NA,no,NA,NA,NA,no,no,NA,NA,NA,fragmented,no,strA.4_AF321551,100.0,75.6,no,yes,yes,strB.1_M96392,100.0,80.3,no,no,no,NA,NA,NA,NA,NA,yes,yes,sul2.2_GQ421466,100.0,84.9,no,no,no,NA,NA,NA,yes,yes,tet_A_.4_AJ517790,100.0,93.1,no,no,no,no,NA,NA,NA,NA,no,no,NA,NA,NA,NA,NA,no,no,NA,NA,NA,NA,NA
out.runS01566-00/report.tsv,no,no,NA,NA,NA,no,NA,NA,NA,NA,NA,no,no,NA,NA,NA,NA,NA,NA,yes,yes,aadA2.1_X68227,100.0,59.0,no,no,no,no,no,no,no,no,no,no,no,no,no,no,no,no,no,no,no,no,no,no,no,no,no,no,NA,NA,NA,NA,NA,no,no,NA,NA,NA,NA,NA,NA,NA,NA,NA,no,no,NA,NA,NA,NA,NA,yes,yes,blaCARB_2.1_M69058,100.0,59.0,no,no,no,no,NA,NA,NA,NA,NA,NA,NA,NA,NA,NA,no,no,NA,NA,NA,no,no,NA,NA,NA,NA,NA,NA,no,no,NA,NA,NA,no,no,NA,NA,NA,yes,yes,dfrA14.1_DQ388123,99.79,34.6,yes,yes,yes,yes,floR.2_AF118107,100.0,54.4,no,no,no,no,NA,NA,NA,no,no,NA,NA,NA,fragmented,no,strA.4_AF321551,100.0,37.7,no,yes,yes,strB.1_M96392,100.0,38.6,no,fragmented,no,sul1.2_CP002151,100.0,131.0,no,no,yes,yes,sul2.2_GQ421466,100.0,44.7,no,no,no,NA,NA,NA,no,no,NA,NA,NA,NA,NA,no,no,NA,NA,NA,NA,no,no,NA,NA,NA,NA,NA,yes,yes,tet_G_.5_AF071555,100.0,51.7,no,no
out.runS01591-98/report.tsv,no,no,NA,NA,NA,no,NA,NA,NA,NA,NA,no,no,NA,NA,NA,NA,NA,NA,no,no,NA,NA,NA,NA,NA,NA,NA,NA,NA,NA,NA,NA,NA,NA,NA,NA,NA,NA,NA,NA,NA,NA,NA,NA,NA,NA,NA,NA,no,NA,NA,NA,NA,NA,no,no,NA,NA,NA,NA,NA,NA,NA,NA,NA,no,no,NA,NA,NA,NA,NA,no,no,NA,NA,NA,NA,NA,no,no,NA,NA,NA,NA,NA,NA,NA,NA,NA,NA,no,no,NA,NA,NA,no,no,NA,NA,NA,NA,NA,NA,no,no,NA,NA,NA,no,no,NA,NA,NA,no,no,NA,NA,NA,NA,NA,no,no,NA,NA,NA,NA,NA,NA,no,NA,NA,NA,no,no,NA,NA,NA,no,no,NA,NA,NA,NA,no,no,NA,NA,NA,NA,no,no,NA,NA,NA,NA,NA,no,no,NA,NA,NA,NA,no,no,NA,NA,NA,no,no,NA,NA,NA,NA,NA,no,no,NA,NA,NA,NA,no,no,NA,NA,NA,NA,NA,no,no,NA,NA,NA,NA,NA
out.runS01710-04/report.tsv,no,no,NA,NA,NA,interrupted,aac_3__IVa.1_X01385,99.87,43.2,yes,yes,no,no,NA,NA,NA,NA,NA,NA,yes,yes,aadA2.2_JQ364967,100.0,44.4,no,no,no,no,no,no,no,no,no,no,no,no,no,no,no,no,no,no,no,no,no,no,no,no,no,no,NA,NA,NA,NA,NA,no,no,NA,NA,NA,NA,NA,NA,NA,NA,NA,yes,yes,aph_4__Ia.1_V01499,100.0,41.8,no,no,no,no,NA,NA,NA,NA,NA,yes,yes,blaTEM_1A.4_HM749966,100.0,29.0,no,no,no,no,no,no,no,no,no,NA,NA,NA,no,no,NA,NA,NA,NA,NA,NA,no,no,NA,NA,NA,yes,yes,dfrA12.1_AB571791,100.0,45.7,no,no,NA,NA,NA,NA,NA,no,no,NA,NA,NA,NA,NA,NA,no,NA,NA,NA,no,no,NA,NA,NA,no,no,NA,NA,NA,NA,no,no,NA,NA,NA,NA,no,no,NA,NA,NA,NA,NA,no,no,NA,NA,NA,NA,no,no,NA,NA,NA,no,no,NA,NA,NA,NA,NA,no,no,NA,NA,NA,NA,no,no,NA,NA,NA,NA,NA,no,no,NA,NA,NA,NA,NA
out.runS01727-11/report.tsv,no,no,NA,NA,NA,no,NA,NA,NA,NA,NA,no,no,NA,NA,NA,NA,NA,NA,no,no,NA,NA,NA,NA,NA,NA,NA,NA,NA,NA,NA,NA,NA,NA,NA,NA,NA,NA,NA,NA,NA,NA,NA,NA,NA,NA,NA,NA,no,NA,NA,NA,NA,NA,no,no,NA,NA,NA,NA,NA,NA,NA,NA,NA,no,no,NA,NA,NA,NA,NA,no,no,NA,NA,NA,NA,NA,no,no,NA,NA,NA,NA,NA,NA,NA,NA,NA,NA,no,no,NA,NA,NA,no,no,NA,NA,NA,NA,NA,NA,no,no,NA,NA,NA,no,no,NA,NA,NA,no,no,NA,NA,NA,NA,NA,no,no,NA,NA,NA,NA,NA,NA,no,NA,NA,NA,no,no,NA,NA,NA,no,no,NA,NA,NA,NA,no,no,NA,NA,NA,NA,no,no,NA,NA,NA,NA,NA,no,no,NA,NA,NA,NA,no,no,NA,NA,NA,no,no,NA,NA,NA,NA,NA,no,no,NA,NA,NA,NA,no,no,NA,NA,NA,NA,NA,no,no,NA,NA,NA,NA,NA
out.runS01727-98/report.tsv,no,no,NA,NA,NA,no,NA,NA,NA,NA,NA,no,no,NA,NA,NA,NA,NA,NA,yes,yes,aadA2.1_X68227,100.0,60.7,no,no,no,no,no,no,no,no,no,no,no,no,no,no,no,no,no,no,no,no,no,no,no,no,no,no,NA,NA,NA,NA,NA,no,no,NA,NA,NA,NA,NA,NA,NA,NA,NA,no,no,NA,NA,NA,NA,NA,yes,yes,blaCARB_2.1_M69058,100.0,63.3,no,no,no,no,NA,NA,NA,NA,NA,NA,NA,NA,NA,NA,no,no,NA,NA,NA,no,no,NA,NA,NA,NA,NA,NA,no,no,NA,NA,NA,no,no,NA,NA,NA,no,no,NA,NA,NA,NA,NA,yes,yes,floR.2_AF118107,100.0,58.4,no,no,no,no,NA,NA,NA,no,no,NA,NA,NA,no,no,NA,NA,NA,NA,no,no,NA,NA,NA,NA,fragmented,no,sul1.2_CP002151,100.0,109.7,no,no,no,no,NA,NA,NA,NA,no,no,NA,NA,NA,no,no,NA,NA,NA,NA,NA,no,no,NA,NA,NA,NA,no,no,NA,NA,NA,NA,NA,yes,yes,tet_G_.5_AF071555,100.0,59.2,no,no
out.runS01761-00/report.tsv,no,no,NA,NA,NA,no,NA,NA,NA,NA,NA,no,no,NA,NA,NA,NA,NA,NA,yes,yes,aadA2.1_X68227,100.0,60.1,no,no,no,no,no,no,no,no,no,no,no,no,no,no,no,no,no,no,no,no,no,no,no,no,no,no,NA,NA,NA,NA,NA,no,no,NA,NA,NA,NA,NA,NA,NA,NA,NA,no,no,NA,NA,NA,NA,NA,yes,yes,blaCARB_2.1_M69058,100.0,74.1,no,no,no,no,NA,NA,NA,NA,NA,NA,NA,NA,NA,NA,no,no,NA,NA,NA,no,no,NA,NA,NA,NA,NA,NA,no,no,NA,NA,NA,no,no,NA,NA,NA,no,no,NA,NA,NA,NA,NA,yes,yes,floR.2_AF118107,99.92,60.1,yes,no,yes,no,NA,NA,NA,no,no,NA,NA,NA,no,no,NA,NA,NA,NA,no,no,NA,NA,NA,NA,fragmented,no,sul1.2_CP002151,100.0,120.6,no,no,no,no,NA,NA,NA,NA,no,no,NA,NA,NA,no,no,NA,NA,NA,NA,NA,no,no,NA,NA,NA,NA,no,no,NA,NA,NA,NA,NA,yes,yes,tet_G_.5_AF071555,100.0,66.3,no,no
out.runS01870-13/report.tsv,no,no,NA,NA,NA,no,NA,NA,NA,NA,NA,yes,yes,aadA1.5_JX185132,100.0,40.1,no,no,no,no,no,NA,NA,NA,NA,NA,NA,NA,NA,NA,NA,NA,NA,NA,NA,NA,NA,NA,NA,NA,NA,NA,NA,NA,NA,NA,NA,NA,NA,no,NA,NA,NA,NA,NA,no,no,NA,NA,NA,NA,NA,NA,NA,NA,NA,no,no,NA,NA,NA,NA,NA,no,no,NA,NA,NA,NA,NA,yes,yes,blaTEM_1B.1_JF910132,100.0,73.3,no,no,no,no,no,no,no,no,no,NA,NA,NA,no,no,NA,NA,NA,NA,NA,NA,yes,yes,dfrA1.30_JQ690541,100.0,38.0,no,no,NA,NA,NA,no,no,NA,NA,NA,NA,NA,no,no,NA,NA,NA,NA,NA,NA,no,NA,NA,NA,no,no,NA,NA,NA,yes_nonunique,yes,strA.4_AF321551,100.0,132.3,yes,yes_nonunique,yes,strB.1_M96392,100.0,127.5,no,yes,yes,sul1.1_AY224185,100.0,38.1,no,no,yes,yes,sul2.3_HQ840942,100.0,71.0,no,no,no,NA,NA,NA,no,no,NA,NA,NA,NA,NA,yes_nonunique,yes,tet_B_.4_AF326777,100.0,147.2,yes,no,no,NA,NA,NA,NA,NA,no,no,NA,NA,NA,NA,NA
out.runS02159-07/report.tsv,no,no,NA,NA,NA,no,NA,NA,NA,NA,NA,no,no,NA,NA,NA,NA,NA,NA,no,no,NA,NA,NA,NA,NA,NA,NA,NA,NA,NA,NA,NA,NA,NA,NA,NA,NA,NA,NA,NA,NA,NA,NA,NA,NA,NA,NA,NA,no,NA,NA,NA,NA,NA,no,no,NA,NA,NA,NA,NA,NA,NA,NA,NA,no,no,NA,NA,NA,NA,NA,no,no,NA,NA,NA,NA,NA,no,no,NA,NA,NA,NA,NA,NA,NA,NA,NA,NA,no,no,NA,NA,NA,no,no,NA,NA,NA,NA,NA,NA,no,no,NA,NA,NA,no,no,NA,NA,NA,no,no,NA,NA,NA,NA,NA,no,no,NA,NA,NA,NA,NA,NA,no,NA,NA,NA,no,no,NA,NA,NA,no,no,NA,NA,NA,NA,no,no,NA,NA,NA,NA,no,no,NA,NA,NA,NA,NA,no,no,NA,NA,NA,NA,no,no,NA,NA,NA,no,no,NA,NA,NA,NA,NA,no,no,NA,NA,NA,NA,no,no,NA,NA,NA,NA,NA,no,no,NA,NA,NA,NA,NA
out.runS02185-06/report.tsv,no,no,NA,NA,NA,no,NA,NA,NA,NA,NA,no,no,NA,NA,NA,NA,NA,NA,no,no,NA,NA,NA,NA,NA,NA,NA,NA,NA,NA,NA,NA,NA,NA,NA,NA,NA,NA,NA,NA,NA,NA,NA,NA,NA,NA,NA,NA,no,NA,NA,NA,NA,NA,no,no,NA,NA,NA,NA,NA,NA,NA,NA,NA,no,no,NA,NA,NA,NA,NA,no,no,NA,NA,NA,NA,NA,no,no,NA,NA,NA,NA,NA,NA,NA,NA,NA,NA,no,no,NA,NA,NA,no,no,NA,NA,NA,NA,NA,NA,no,no,NA,NA,NA,no,no,NA,NA,NA,no,no,NA,NA,NA,NA,NA,no,no,NA,NA,NA,NA,NA,NA,no,NA,NA,NA,no,no,NA,NA,NA,no,no,NA,NA,NA,NA,no,no,NA,NA,NA,NA,no,no,NA,NA,NA,NA,NA,no,no,NA,NA,NA,NA,no,no,NA,NA,NA,no,no,NA,NA,NA,NA,NA,no,no,NA,NA,NA,NA,yes,yes,tet_C_.5_NC_003213,99.92,51.5,yes,yes,no,no,NA,NA,NA,NA,NA
out.runS02202-01/report.tsv,no,no,NA,NA,NA,no,NA,NA,NA,NA,NA,no,no,NA,NA,NA,NA,NA,NA,yes,yes,aadA2.1_X68227,100.0,89.5,no,no,no,no,no,no,no,no,no,no,no,no,no,no,no,no,no,no,no,no,no,no,no,no,no,no,NA,NA,NA,NA,NA,no,no,NA,NA,NA,NA,NA,NA,NA,NA,NA,no,no,NA,NA,NA,NA,NA,yes,yes,blaCARB_2.1_M69058,100.0,54.7,no,no,no,no,NA,NA,NA,NA,NA,NA,NA,NA,NA,NA,no,no,NA,NA,NA,no,no,NA,NA,NA,NA,NA,NA,no,no,NA,NA,NA,no,no,NA,NA,NA,no,no,NA,NA,NA,NA,NA,yes,yes,floR.2_AF118107,100.0,41.7,no,no,no,no,NA,NA,NA,no,no,NA,NA,NA,no,no,NA,NA,NA,NA,no,no,NA,NA,NA,NA,yes,yes,sul1.1_AY224185,100.0,112.4,no,no,no,no,NA,NA,NA,NA,no,no,NA,NA,NA,no,no,NA,NA,NA,NA,NA,no,no,NA,NA,NA,NA,no,no,NA,NA,NA,NA,NA,yes,yes,tet_G_.5_AF071555,100.0,43.8,no,no
out.runS02289-14/report.tsv,no,no,NA,NA,NA,no,NA,NA,NA,NA,NA,yes,yes,aadA1.5_JX185132,100.0,46.9,no,no,no,no,no,NA,NA,NA,NA,NA,NA,NA,NA,NA,NA,NA,NA,NA,NA,NA,NA,NA,NA,NA,NA,NA,NA,NA,NA,NA,NA,NA,NA,no,NA,NA,NA,NA,NA,no,no,NA,NA,NA,NA,NA,NA,NA,NA,NA,no,no,NA,NA,NA,NA,NA,no,no,NA,NA,NA,NA,NA,yes,yes,blaTEM_1B.1_JF910132,100.0,79.1,no,no,no,no,no,no,no,no,no,NA,NA,NA,no,no,NA,NA,NA,NA,NA,NA,yes,yes,dfrA1.30_JQ690541,100.0,43.4,no,no,NA,NA,NA,no,no,NA,NA,NA,NA,NA,no,no,NA,NA,NA,NA,NA,NA,no,NA,NA,NA,no,no,NA,NA,NA,yes_nonunique,yes,strA.4_AF321551,100.0,142.1,yes,yes,yes,strB.1_M96392,100.0,108.1,no,yes,yes,sul1.2_CP002151,100.0,42.1,no,no,yes,yes,sul2.3_HQ840942,100.0,66.4,no,no,no,NA,NA,NA,no,no,NA,NA,NA,NA,NA,yes_nonunique,yes,tet_B_.4_AF326777,100.0,168.0,yes,no,no,NA,NA,NA,NA,NA,no,no,NA,NA,NA,NA,NA
out.runS02336-11/report.tsv,no,no,NA,NA,NA,no,NA,NA,NA,NA,NA,no,no,NA,NA,NA,NA,NA,NA,no,no,NA,NA,NA,NA,NA,NA,NA,NA,NA,NA,NA,NA,NA,NA,NA,NA,NA,NA,NA,NA,NA,NA,NA,NA,NA,NA,NA,NA,no,NA,NA,NA,NA,NA,no,no,NA,NA,NA,NA,NA,NA,NA,NA,NA,no,no,NA,NA,NA,NA,NA,no,no,NA,NA,NA,NA,NA,no,no,NA,NA,NA,NA,NA,NA,NA,NA,NA,NA,no,no,NA,NA,NA,no,no,NA,NA,NA,NA,NA,NA,no,no,NA,NA,NA,no,no,NA,NA,NA,no,no,NA,NA,NA,NA,NA,no,no,NA,NA,NA,NA,NA,NA,no,NA,NA,NA,no,no,NA,NA,NA,no,no,NA,NA,NA,NA,no,no,NA,NA,NA,NA,no,no,NA,NA,NA,NA,NA,no,no,NA,NA,NA,NA,no,no,NA,NA,NA,no,no,NA,NA,NA,NA,NA,no,no,NA,NA,NA,NA,no,no,NA,NA,NA,NA,NA,no,no,NA,NA,NA,NA,NA
out.runS02347-12/report.tsv,no,no,NA,NA,NA,no,NA,NA,NA,NA,NA,no,no,NA,NA,NA,NA,NA,NA,no,no,NA,NA,NA,NA,NA,NA,NA,NA,NA,NA,NA,NA,NA,NA,NA,NA,NA,NA,NA,NA,NA,NA,NA,NA,NA,NA,NA,NA,no,NA,NA,NA,NA,NA,no,no,NA,NA,NA,NA,NA,NA,NA,NA,NA,no,no,NA,NA,NA,NA,NA,no,no,NA,NA,NA,NA,NA,yes,yes,blaTEM_1B.1_JF910132,100.0,48.2,no,no,no,no,no,no,no,no,no,NA,NA,NA,no,no,NA,NA,NA,NA,NA,NA,no,no,NA,NA,NA,no,no,NA,NA,NA,no,no,NA,NA,NA,NA,NA,no,no,NA,NA,NA,NA,NA,NA,no,NA,NA,NA,no,no,NA,NA,NA,yes,yes,strA.4_AF321551,100.0,245.8,no,yes,yes,strB.1_M96392,100.0,219.9,no,no,no,NA,NA,NA,NA,NA,yes,yes,sul2.2_GQ421466,100.0,254.4,no,no,no,NA,NA,NA,yes,yes,tet_A_.4_AJ517790,100.0,272.0,no,no,no,no,NA,NA,NA,NA,no,no,NA,NA,NA,NA,NA,no,no,NA,NA,NA,NA,NA
out.runS02357-04/report.tsv,no,no,NA,NA,NA,no,NA,NA,NA,NA,NA,no,no,NA,NA,NA,NA,NA,NA,no,no,NA,NA,NA,NA,NA,NA,NA,NA,NA,NA,NA,NA,NA,NA,NA,NA,NA,NA,NA,NA,NA,NA,NA,NA,NA,NA,NA,NA,no,NA,NA,NA,NA,NA,no,no,NA,NA,NA,NA,NA,NA,NA,NA,NA,no,no,NA,NA,NA,NA,NA,no,no,NA,NA,NA,NA,NA,no,no,NA,NA,NA,NA,NA,NA,NA,NA,NA,NA,no,no,NA,NA,NA,no,no,NA,NA,NA,NA,NA,NA,no,no,NA,NA,NA,no,no,NA,NA,NA,no,no,NA,NA,NA,NA,NA,no,no,NA,NA,NA,NA,NA,NA,no,NA,NA,NA,no,no,NA,NA,NA,no,no,NA,NA,NA,NA,no,no,NA,NA,NA,NA,no,no,NA,NA,NA,NA,NA,no,no,NA,NA,NA,NA,no,no,NA,NA,NA,no,no,NA,NA,NA,NA,NA,no,no,NA,NA,NA,NA,no,no,NA,NA,NA,NA,NA,no,no,NA,NA,NA,NA,NA
out.runS02606-01/report.tsv,no,no,NA,NA,NA,no,NA,NA,NA,NA,NA,no,no,NA,NA,NA,NA,NA,NA,yes,yes,aadA2.1_X68227,100.0,152.7,no,no,no,no,no,no,no,no,no,no,no,no,no,no,no,no,no,no,no,no,no,no,no,no,no,no,NA,NA,NA,NA,NA,no,no,NA,NA,NA,NA,NA,NA,NA,NA,NA,no,no,NA,NA,NA,NA,NA,yes,yes,blaCARB_2.1_M69058,100.0,100.0,no,no,no,no,NA,NA,NA,NA,NA,NA,NA,NA,NA,NA,no,no,NA,NA,NA,no,no,NA,NA,NA,NA,NA,NA,no,no,NA,NA,NA,no,no,NA,NA,NA,no,no,NA,NA,NA,NA,NA,yes,yes,floR.2_AF118107,99.92,84.3,yes,no,yes,no,NA,NA,NA,no,no,NA,NA,NA,no,no,NA,NA,NA,NA,no,no,NA,NA,NA,NA,fragmented,no,sul1.2_CP002151,100.0,205.0,no,no,no,no,NA,NA,NA,NA,no,no,NA,NA,NA,no,no,NA,NA,NA,NA,NA,no,no,NA,NA,NA,NA,no,no,NA,NA,NA,NA,NA,yes,yes,tet_G_.5_AF071555,100.0,80.3,no,no
out.runS02636-11/report.tsv,no,no,NA,NA,NA,no,NA,NA,NA,NA,NA,yes,yes,aadA1.3_JQ414041,100.0,75.1,no,no,no,yes_nonunique,yes,aadA2.2_JQ364967,100.0,76.5,yes,no,no,no,no,no,no,no,no,no,no,no,no,no,no,no,no,no,no,no,no,no,no,no,no,no,NA,NA,NA,NA,NA,no,no,NA,NA,NA,NA,NA,NA,NA,NA,NA,no,no,NA,NA,NA,NA,NA,no,no,NA,NA,NA,NA,NA,yes,yes,blaTEM_1B.1_JF910132,100.0,67.2,no,no,no,no,no,no,no,no,no,NA,NA,NA,yes,yes,cmlA1.1_M64556,99.92,85.2,yes,yes,no,no,no,NA,NA,NA,yes,yes,dfrA12.1_AB571791,100.0,67.3,no,no,NA,NA,NA,NA,NA,no,no,NA,NA,NA,NA,NA,NA,partial,mef_B_.1_FJ196385,100.0,38.5,no,no,NA,NA,NA,no,no,NA,NA,NA,NA,no,no,NA,NA,NA,NA,no,no,NA,NA,NA,NA,NA,no,no,NA,NA,NA,NA,yes,yes,sul3.2_AJ459418,100.0,82.5,no,no,NA,NA,NA,NA,NA,no,no,NA,NA,NA,NA,no,no,NA,NA,NA,NA,NA,no,no,NA,NA,NA,NA,NA
out.runS02790-08/report.tsv,no,no,NA,NA,NA,no,NA,NA,NA,NA,NA,no,no,NA,NA,NA,NA,NA,NA,no,no,NA,NA,NA,NA,NA,NA,NA,NA,NA,NA,NA,NA,NA,NA,NA,NA,NA,NA,NA,NA,NA,NA,NA,NA,NA,NA,NA,NA,no,NA,NA,NA,NA,NA,no,no,NA,NA,NA,NA,NA,NA,NA,NA,NA,no,no,NA,NA,NA,NA,NA,no,no,NA,NA,NA,NA,NA,no,no,NA,NA,NA,NA,NA,NA,NA,NA,NA,NA,no,no,NA,NA,NA,no,no,NA,NA,NA,NA,NA,NA,no,no,NA,NA,NA,no,no,NA,NA,NA,no,no,NA,NA,NA,NA,NA,no,no,NA,NA,NA,NA,NA,NA,no,NA,NA,NA,no,no,NA,NA,NA,no,no,NA,NA,NA,NA,no,no,NA,NA,NA,NA,no,no,NA,NA,NA,NA,NA,no,no,NA,NA,NA,NA,no,no,NA,NA,NA,no,no,NA,NA,NA,NA,NA,no,no,NA,NA,NA,NA,no,no,NA,NA,NA,NA,NA,no,no,NA,NA,NA,NA,NA
out.runS03040-10/report.tsv,no,no,NA,NA,NA,no,NA,NA,NA,NA,NA,yes,yes,aadA1.3_JQ414041,100.0,31.7,no,no,no,yes_nonunique,yes,aadA2.2_JQ364967,100.0,30.5,yes,no,yes,no,no,no,no,no,no,no,no,no,yes,no,no,no,no,no,no,yes,no,yes,no,yes,no,no,NA,NA,NA,NA,NA,yes,yes,aph_3___Ic.1_X62115,98.77,209.9,yes,yes,yes,yes,yes,yes,no,no,NA,NA,NA,NA,NA,no,no,NA,NA,NA,NA,NA,yes,yes,blaTEM_1B.1_JF910132,100.0,27.5,no,no,no,no,no,no,no,no,no,NA,NA,NA,yes,yes,cmlA1.1_M64556,99.92,32.6,yes,yes,no,no,no,NA,NA,NA,yes,yes,dfrA12.1_AB571791,100.0,22.8,no,no,NA,NA,NA,NA,NA,no,no,NA,NA,NA,NA,NA,NA,partial,mef_B_.1_FJ196385,100.0,14.8,no,no,NA,NA,NA,yes,yes,strA.4_AF321551,100.0,254.2,no,yes,yes,strB.1_M96392,100.0,241.5,no,no,no,NA,NA,NA,NA,NA,yes,yes,sul2.2_GQ421466,100.0,251.6,no,yes,yes,sul3.2_AJ459418,100.0,35.7,yes,yes,tet_A_.4_AJ517790,100.0,273.0,no,no,no,no,NA,NA,NA,NA,no,no,NA,NA,NA,NA,NA,no,no,NA,NA,NA,NA,NA
out.runS03086-14/report.tsv,no,no,NA,NA,NA,no,NA,NA,NA,NA,NA,no,no,NA,NA,NA,NA,NA,NA,no,no,NA,NA,NA,NA,NA,NA,NA,NA,NA,NA,NA,NA,NA,NA,NA,NA,NA,NA,NA,NA,NA,NA,NA,NA,NA,NA,NA,NA,no,NA,NA,NA,NA,NA,no,no,NA,NA,NA,NA,NA,NA,NA,NA,NA,no,no,NA,NA,NA,NA,NA,no,no,NA,NA,NA,NA,NA,yes,yes,blaTEM_1B.1_JF910132,100.0,76.1,no,no,no,no,no,no,no,no,no,NA,NA,NA,no,no,NA,NA,NA,NA,NA,NA,no,no,NA,NA,NA,no,no,NA,NA,NA,no,no,NA,NA,NA,NA,NA,no,no,NA,NA,NA,NA,NA,NA,no,NA,NA,NA,no,no,NA,NA,NA,yes,yes,strA.4_AF321551,100.0,71.2,no,yes,yes,strB.1_M96392,100.0,68.3,no,no,no,NA,NA,NA,NA,NA,yes,yes,sul2.3_HQ840942,100.0,70.9,no,no,no,NA,NA,NA,no,no,NA,NA,NA,NA,NA,yes,yes,tet_B_.4_AF326777,100.0,97.1,no,no,no,NA,NA,NA,NA,NA,no,no,NA,NA,NA,NA,NA
out.runS03120-13/report.tsv,no,no,NA,NA,NA,no,NA,NA,NA,NA,NA,no,no,NA,NA,NA,NA,NA,NA,no,no,NA,NA,NA,NA,NA,NA,NA,NA,NA,NA,NA,NA,NA,NA,NA,NA,NA,NA,NA,NA,NA,NA,NA,NA,NA,NA,NA,NA,no,NA,NA,NA,NA,NA,no,no,NA,NA,NA,NA,NA,NA,NA,NA,NA,no,no,NA,NA,NA,NA,NA,no,no,NA,NA,NA,NA,NA,no,no,NA,NA,NA,NA,NA,NA,NA,NA,NA,NA,no,no,NA,NA,NA,no,no,NA,NA,NA,NA,NA,NA,no,no,NA,NA,NA,no,no,NA,NA,NA,no,no,NA,NA,NA,NA,NA,no,no,NA,NA,NA,NA,NA,NA,no,NA,NA,NA,no,no,NA,NA,NA,no,no,NA,NA,NA,NA,no,no,NA,NA,NA,NA,no,no,NA,NA,NA,NA,NA,no,no,NA,NA,NA,NA,no,no,NA,NA,NA,no,no,NA,NA,NA,NA,NA,no,no,NA,NA,NA,NA,no,no,NA,NA,NA,NA,NA,no,no,NA,NA,NA,NA,NA
out.runS03195-14/report.tsv,no,no,NA,NA,NA,no,NA,NA,NA,NA,NA,yes,yes,aadA1.5_JX185132,100.0,17.9,no,no,no,no,no,NA,NA,NA,NA,NA,NA,NA,NA,NA,NA,NA,NA,NA,NA,NA,NA,NA,NA,NA,NA,NA,NA,NA,NA,NA,NA,NA,NA,no,NA,NA,NA,NA,NA,no,no,NA,NA,NA,NA,NA,NA,NA,NA,NA,no,no,NA,NA,NA,NA,NA,no,no,NA,NA,NA,NA,NA,yes,yes,blaTEM_1C.5_FJ560503,100.0,17.6,no,no,no,no,no,no,no,no,no,NA,NA,NA,no,no,NA,NA,NA,NA,NA,NA,yes,yes,dfrA1.30_JQ690541,100.0,13.4,no,no,NA,NA,NA,no,no,NA,NA,NA,NA,NA,no,no,NA,NA,NA,NA,NA,NA,no,NA,NA,NA,no,no,NA,NA,NA,no,no,NA,NA,NA,NA,no,no,NA,NA,NA,NA,yes,yes,sul1.2_CP002151,100.0,13.9,no,no,no,no,NA,NA,NA,NA,no,no,NA,NA,NA,yes,yes,tet_A_.4_AJ517790,100.0,15.2,no,no,no,no,NA,NA,NA,NA,no,no,NA,NA,NA,NA,NA,no,no,NA,NA,NA,NA,NA
out.runS03249-01/report.tsv,no,no,NA,NA,NA,partial,aac_3__IVa.1_X01385,100.0,2.5,no,no,yes,yes,aadA1.3_JQ414041,100.0,50.7,no,no,no,yes_nonunique,yes,aadA2.2_JQ364967,100.0,52.9,yes,no,no,no,no,no,no,no,no,no,no,no,no,no,no,no,no,no,no,no,no,no,no,no,no,no,NA,NA,NA,NA,NA,no,no,NA,NA,NA,NA,NA,NA,NA,NA,NA,partial,no,aph_4__Ia.1_V01499,100.0,1.6,yes,yes,no,no,NA,NA,NA,NA,NA,yes_nonunique,yes,blaTEM_1A.4_HM749966,99.88,109.7,yes,no,no,no,no,no,no,no,no,NA,NA,NA,yes,yes,cmlA1.1_M64556,99.92,46.7,yes,yes,no,no,no,NA,NA,NA,yes,yes,dfrA12.1_AB571791,100.0,43.2,no,no,NA,NA,NA,NA,NA,no,no,NA,NA,NA,NA,NA,NA,partial,mef_B_.1_FJ196385,100.0,24.0,no,no,NA,NA,NA,yes,yes,strA.4_AF321551,100.0,45.5,no,yes,yes,strB.1_M96392,100.0,42.4,no,no,no,NA,NA,NA,NA,NA,yes_nonunique,yes,sul2.2_GQ421466,100.0,90.2,no,yes,yes,sul3.2_AJ459418,100.0,49.2,yes,yes,tet_A_.4_AJ517790,100.0,46.5,no,no,no,no,NA,NA,NA,NA,no,no,NA,NA,NA,NA,NA,no,no,NA,NA,NA,NA,NA
out.runS03274-06/report.tsv,no,no,NA,NA,NA,no,NA,NA,NA,NA,NA,no,no,NA,NA,NA,NA,NA,NA,no,no,NA,NA,NA,NA,NA,NA,NA,NA,NA,NA,NA,NA,NA,NA,NA,NA,NA,NA,NA,NA,NA,NA,NA,NA,NA,NA,NA,NA,no,NA,NA,NA,NA,NA,no,no,NA,NA,NA,NA,NA,NA,NA,NA,NA,no,no,NA,NA,NA,NA,NA,no,no,NA,NA,NA,NA,NA,no,no,NA,NA,NA,NA,NA,NA,NA,NA,NA,NA,no,no,NA,NA,NA,no,no,NA,NA,NA,NA,NA,NA,no,no,NA,NA,NA,no,no,NA,NA,NA,no,no,NA,NA,NA,NA,NA,no,no,NA,NA,NA,NA,NA,NA,no,NA,NA,NA,no,no,NA,NA,NA,no,no,NA,NA,NA,NA,no,no,NA,NA,NA,NA,no,no,NA,NA,NA,NA,NA,no,no,NA,NA,NA,NA,no,no,NA,NA,NA,no,no,NA,NA,NA,NA,NA,no,no,NA,NA,NA,NA,no,no,NA,NA,NA,NA,NA,no,no,NA,NA,NA,NA,NA
out.runS03558-99/report.tsv,no,no,NA,NA,NA,no,NA,NA,NA,NA,NA,no,no,NA,NA,NA,NA,NA,NA,yes,yes,aadA2.1_X68227,100.0,56.8,no,no,no,no,no,no,no,no,no,no,no,no,no,no,no,no,no,no,no,no,no,no,no,no,no,no,NA,NA,NA,NA,NA,no,no,NA,NA,NA,NA,NA,NA,NA,NA,NA,no,no,NA,NA,NA,NA,NA,yes,yes,blaCARB_2.1_M69058,100.0,66.3,no,no,no,no,NA,NA,NA,NA,NA,NA,NA,NA,NA,NA,no,no,NA,NA,NA,no,no,NA,NA,NA,NA,NA,NA,no,no,NA,NA,NA,no,no,NA,NA,NA,no,no,NA,NA,NA,NA,NA,yes,yes,floR.2_AF118107,100.0,60.6,no,no,no,no,NA,NA,NA,no,no,NA,NA,NA,no,no,NA,NA,NA,NA,no,no,NA,NA,NA,NA,fragmented,no,sul1.2_CP002151,100.0,129.7,no,no,no,no,NA,NA,NA,NA,no,no,NA,NA,NA,no,no,NA,NA,NA,NA,NA,no,no,NA,NA,NA,NA,no,no,NA,NA,NA,NA,NA,yes,yes,tet_G_.5_AF071555,100.0,57.0,no,no
out.runS03612-03/report.tsv,no,no,NA,NA,NA,no,NA,NA,NA,NA,NA,no,no,NA,NA,NA,NA,NA,NA,no,no,NA,NA,NA,NA,NA,NA,NA,NA,NA,NA,NA,NA,NA,NA,NA,NA,NA,NA,NA,NA,NA,NA,NA,NA,NA,NA,NA,NA,no,NA,NA,NA,NA,NA,no,no,NA,NA,NA,NA,NA,NA,NA,NA,NA,no,no,NA,NA,NA,NA,NA,no,no,NA,NA,NA,NA,NA,no,no,NA,NA,NA,NA,NA,NA,NA,NA,NA,NA,no,no,NA,NA,NA,no,no,NA,NA,NA,NA,NA,NA,no,no,NA,NA,NA,no,no,NA,NA,NA,no,no,NA,NA,NA,NA,NA,no,no,NA,NA,NA,NA,NA,NA,no,NA,NA,NA,no,no,NA,NA,NA,no,no,NA,NA,NA,NA,no,no,NA,NA,NA,NA,no,no,NA,NA,NA,NA,NA,no,no,NA,NA,NA,NA,no,no,NA,NA,NA,no,no,NA,NA,NA,NA,NA,no,no,NA,NA,NA,NA,no,no,NA,NA,NA,NA,NA,no,no,NA,NA,NA,NA,NA
out.runS03622-02/report.tsv,no,no,NA,NA,NA,no,NA,NA,NA,NA,NA,no,no,NA,NA,NA,NA,NA,NA,no,no,NA,NA,NA,NA,NA,NA,NA,NA,NA,NA,NA,NA,NA,NA,NA,NA,NA,NA,NA,NA,NA,NA,NA,NA,NA,NA,NA,NA,no,NA,NA,NA,NA,NA,no,no,NA,NA,NA,NA,NA,NA,NA,NA,NA,no,no,NA,NA,NA,NA,NA,no,no,NA,NA,NA,NA,NA,no,no,NA,NA,NA,NA,NA,NA,NA,NA,NA,NA,no,no,NA,NA,NA,no,no,NA,NA,NA,NA,NA,NA,no,no,NA,NA,NA,no,no,NA,NA,NA,no,no,NA,NA,NA,NA,NA,no,no,NA,NA,NA,NA,NA,NA,no,NA,NA,NA,no,no,NA,NA,NA,no,no,NA,NA,NA,NA,no,no,NA,NA,NA,NA,no,no,NA,NA,NA,NA,NA,no,no,NA,NA,NA,NA,no,no,NA,NA,NA,no,no,NA,NA,NA,NA,NA,no,no,NA,NA,NA,NA,no,no,NA,NA,NA,NA,NA,no,no,NA,NA,NA,NA,NA
out.runS03632-02/report.tsv,no,no,NA,NA,NA,no,NA,NA,NA,NA,NA,yes,yes,aadA1.3_JQ414041,100.0,66.5,no,no,no,yes_nonunique,yes,aadA2.2_JQ364967,100.0,59.3,yes,no,yes,yes,yes,yes,no,yes,yes,yes,no,no,no,yes,yes,yes,no,no,no,yes,no,no,no,no,yes,partial,aadA13.1_AY713504,93.94,4.7,yes,yes,no,no,NA,NA,NA,NA,NA,NA,NA,NA,NA,no,no,NA,NA,NA,NA,NA,no,no,NA,NA,NA,NA,NA,no,no,NA,NA,NA,NA,NA,NA,NA,NA,NA,NA,no,no,NA,NA,NA,yes,yes,cmlA1.1_M64556,99.92,67.8,yes,yes,no,no,no,NA,NA,NA,yes,yes,dfrA12.1_AB571791,100.0,52.3,no,no,NA,NA,NA,NA,NA,no,no,NA,NA,NA,NA,NA,NA,partial,mef_B_.1_FJ196385,100.0,33.3,no,no,NA,NA,NA,no,no,NA,NA,NA,NA,no,no,NA,NA,NA,NA,no,no,NA,NA,NA,NA,NA,no,no,NA,NA,NA,NA,yes,yes,sul3.2_AJ459418,100.0,63.7,no,no,NA,NA,NA,NA,NA,no,no,NA,NA,NA,NA,no,no,NA,NA,NA,NA,NA,no,no,NA,NA,NA,NA,NA
out.runS03862-13/report.tsv,no,no,NA,NA,NA,no,NA,NA,NA,NA,NA,no,no,NA,NA,NA,NA,NA,NA,no,no,NA,NA,NA,NA,NA,NA,NA,NA,NA,NA,NA,NA,NA,NA,NA,NA,NA,NA,NA,NA,NA,NA,NA,NA,NA,NA,NA,NA,no,NA,NA,NA,NA,NA,no,no,NA,NA,NA,NA,NA,NA,NA,NA,NA,no,no,NA,NA,NA,NA,NA,no,no,NA,NA,NA,NA,NA,no,no,NA,NA,NA,NA,NA,NA,NA,NA,NA,NA,no,no,NA,NA,NA,no,no,NA,NA,NA,NA,NA,NA,no,no,NA,NA,NA,no,no,NA,NA,NA,no,no,NA,NA,NA,NA,NA,no,no,NA,NA,NA,NA,NA,NA,no,NA,NA,NA,no,no,NA,NA,NA,no,no,NA,NA,NA,NA,no,no,NA,NA,NA,NA,no,no,NA,NA,NA,NA,NA,no,no,NA,NA,NA,NA,no,no,NA,NA,NA,no,no,NA,NA,NA,NA,NA,no,no,NA,NA,NA,NA,no,no,NA,NA,NA,NA,NA,no,no,NA,NA,NA,NA,NA
out.runS03883-00/report.tsv,no,no,NA,NA,NA,no,NA,NA,NA,NA,NA,no,no,NA,NA,NA,NA,NA,NA,yes,yes,aadA2.1_X68227,100.0,61.3,no,no,no,no,no,no,no,no,no,no,no,no,no,no,no,no,no,no,no,no,no,no,no,no,no,no,NA,NA,NA,NA,NA,no,no,NA,NA,NA,NA,NA,NA,NA,NA,NA,no,no,NA,NA,NA,NA,NA,yes,yes,blaCARB_2.1_M69058,100.0,71.0,no,no,no,no,NA,NA,NA,NA,NA,NA,NA,NA,NA,NA,no,no,NA,NA,NA,no,no,NA,NA,NA,NA,NA,NA,no,no,NA,NA,NA,no,no,NA,NA,NA,no,no,NA,NA,NA,NA,NA,yes,yes,floR.2_AF118107,100.0,70.3,no,no,no,no,NA,NA,NA,no,no,NA,NA,NA,no,no,NA,NA,NA,NA,no,no,NA,NA,NA,NA,fragmented,no,sul1.2_CP002151,100.0,147.3,no,no,no,no,NA,NA,NA,NA,no,no,NA,NA,NA,no,no,NA,NA,NA,NA,NA,no,no,NA,NA,NA,NA,no,no,NA,NA,NA,NA,NA,yes,yes,tet_G_.5_AF071555,100.0,64.6,no,no
out.runS03924-11/report.tsv,no,no,NA,NA,NA,interrupted,aac_3__IVa.1_X01385,99.87,25.9,yes,yes,yes,yes,aadA1.3_JQ414041,100.0,34.1,no,no,no,yes,yes,aadA2.2_JQ364967,100.0,29.1,no,no,no,no,no,no,no,no,no,no,no,no,no,no,no,no,no,no,no,no,no,no,no,no,no,no,NA,NA,NA,NA,NA,no,no,NA,NA,NA,NA,NA,NA,NA,NA,NA,fragmented,no,aph_4__Ia.1_V01499,100.0,25.5,no,no,no,no,NA,NA,NA,NA,NA,fragmented,no,blaTEM_124.1_AY327540,99.57,19.6,yes,yes,yes,yes,yes,yes,no,no,no,NA,NA,NA,yes,yes,cmlA1.1_M64556,99.92,33.1,yes,yes,no,no,no,NA,NA,NA,yes,yes,dfrA12.1_AB571791,100.0,26.1,no,no,NA,NA,NA,NA,NA,no,no,NA,NA,NA,NA,NA,NA,partial,mef_B_.1_FJ196385,100.0,19.7,no,no,NA,NA,NA,yes,yes,strA.4_AF321551,100.0,266.8,no,yes,yes,strB.1_M96392,100.0,249.0,no,no,no,NA,NA,NA,NA,NA,yes,yes,sul2.2_GQ421466,100.0,257.3,no,yes,yes,sul3.2_AJ459418,100.0,32.2,yes,yes,tet_A_.4_AJ517790,100.0,255.6,no,no,no,no,NA,NA,NA,NA,no,no,NA,NA,NA,NA,NA,no,no,NA,NA,NA,NA,NA
out.runS04055-07/report.tsv,no,no,NA,NA,NA,no,NA,NA,NA,NA,NA,yes,yes,aadA1.3_JQ414041,100.0,43.6,no,no,no,yes_nonunique,yes,aadA2.1_X68227,100.0,42.8,yes,yes,no,no,no,no,no,no,no,no,no,yes,no,no,no,no,no,no,yes,no,yes,no,yes,no,no,no,NA,NA,NA,NA,NA,no,no,NA,NA,NA,NA,NA,NA,NA,NA,NA,no,no,NA,NA,NA,NA,NA,no,no,NA,NA,NA,NA,NA,no,no,NA,NA,NA,NA,NA,NA,NA,NA,NA,NA,no,no,NA,NA,NA,yes,yes,cmlA1.1_M64556,99.92,47.2,yes,yes,no,no,no,NA,NA,NA,no,no,NA,NA,NA,no,no,NA,NA,NA,NA,NA,no,no,NA,NA,NA,NA,NA,NA,partial,mef_B_.1_FJ196385,100.0,22.5,no,no,NA,NA,NA,no,no,NA,NA,NA,NA,no,no,NA,NA,NA,NA,no,no,NA,NA,NA,NA,NA,no,no,NA,NA,NA,NA,yes,yes,sul3.2_AJ459418,100.0,38.2,no,no,NA,NA,NA,NA,NA,no,no,NA,NA,NA,NA,yes,yes,tet_C_.9_AY046276,100.0,40.8,no,no,no,no,NA,NA,NA,NA,NA
out.runS04066-03/report.tsv,no,no,NA,NA,NA,no,NA,NA,NA,NA,NA,no,no,NA,NA,NA,NA,NA,NA,no,no,NA,NA,NA,NA,NA,NA,NA,NA,NA,NA,NA,NA,NA,NA,NA,NA,NA,NA,NA,NA,NA,NA,NA,NA,NA,NA,NA,NA,no,NA,NA,NA,NA,NA,no,no,NA,NA,NA,NA,NA,NA,NA,NA,NA,no,no,NA,NA,NA,NA,NA,no,no,NA,NA,NA,NA,NA,yes,yes,blaTEM_1B.1_JF910132,100.0,38.9,no,no,no,no,no,no,no,no,no,NA,NA,NA,no,no,NA,NA,NA,NA,NA,NA,no,no,NA,NA,NA,no,no,NA,NA,NA,no,no,NA,NA,NA,NA,NA,no,no,NA,NA,NA,NA,NA,NA,no,NA,NA,NA,no,no,NA,NA,NA,no,no,NA,NA,NA,NA,no,no,NA,NA,NA,NA,no,no,NA,NA,NA,NA,NA,no,no,NA,NA,NA,NA,no,no,NA,NA,NA,no,no,NA,NA,NA,NA,NA,no,no,NA,NA,NA,NA,no,no,NA,NA,NA,NA,NA,no,no,NA,NA,NA,NA,NA
out.runS04173-01/report.tsv,no,no,NA,NA,NA,no,NA,NA,NA,NA,NA,no,no,NA,NA,NA,NA,NA,NA,yes,yes,aadA2.1_X68227,100.0,85.6,no,no,no,no,no,no,no,no,no,no,no,no,no,no,no,no,no,no,no,no,no,no,no,no,no,no,NA,NA,NA,NA,NA,no,no,NA,NA,NA,NA,NA,NA,NA,NA,NA,no,no,NA,NA,NA,NA,NA,yes,yes,blaCARB_2.1_M69058,100.0,106.8,no,no,no,no,NA,NA,NA,NA,NA,NA,NA,NA,NA,NA,no,no,NA,NA,NA,no,no,NA,NA,NA,NA,NA,NA,no,no,NA,NA,NA,no,no,NA,NA,NA,no,no,NA,NA,NA,NA,NA,yes,yes,floR.2_AF118107,100.0,97.1,no,no,no,no,NA,NA,NA,no,no,NA,NA,NA,no,no,NA,NA,NA,NA,no,no,NA,NA,NA,NA,fragmented,no,sul1.2_CP002151,100.0,216.2,no,no,no,no,NA,NA,NA,NA,no,no,NA,NA,NA,no,no,NA,NA,NA,NA,NA,no,no,NA,NA,NA,NA,no,no,NA,NA,NA,NA,NA,yes,yes,tet_G_.5_AF071555,100.0,92.6,no,no
out.runS04246-97/report.tsv,no,no,NA,NA,NA,no,NA,NA,NA,NA,NA,no,no,NA,NA,NA,NA,NA,NA,no,no,NA,NA,NA,NA,NA,NA,NA,NA,NA,NA,NA,NA,NA,NA,NA,NA,NA,NA,NA,NA,NA,NA,NA,NA,NA,NA,NA,NA,no,NA,NA,NA,NA,NA,no,no,NA,NA,NA,NA,NA,NA,NA,NA,NA,no,no,NA,NA,NA,NA,NA,no,no,NA,NA,NA,NA,NA,no,no,NA,NA,NA,NA,NA,NA,NA,NA,NA,NA,no,no,NA,NA,NA,no,no,NA,NA,NA,NA,NA,NA,no,no,NA,NA,NA,no,no,NA,NA,NA,yes,yes,dfrA14.1_DQ388123,99.79,423.3,yes,yes,no,no,NA,NA,NA,NA,NA,NA,no,NA,NA,NA,no,no,NA,NA,NA,fragmented,no,strA.4_AF321551,100.0,426.2,no,yes,yes,strB.1_M96392,100.0,441.6,no,no,no,NA,NA,NA,NA,NA,yes,yes,sul2.2_GQ421466,100.0,460.7,no,no,no,NA,NA,NA,no,no,NA,NA,NA,NA,NA,yes,yes,tet_B_.4_AF326777,100.0,136.8,no,no,no,NA,NA,NA,NA,NA,no,no,NA,NA,NA,NA,NA
out.runS04294-03/report.tsv,no,no,NA,NA,NA,no,NA,NA,NA,NA,NA,no,no,NA,NA,NA,NA,NA,NA,yes,yes,aadA2.1_X68227,100.0,73.6,no,no,no,no,no,no,no,no,no,no,no,no,no,no,no,no,no,no,no,no,no,no,no,no,no,no,NA,NA,NA,NA,NA,no,no,NA,NA,NA,NA,NA,NA,NA,NA,NA,no,no,NA,NA,NA,NA,NA,yes,yes,blaCARB_2.1_M69058,100.0,93.9,no,no,no,no,NA,NA,NA,NA,NA,NA,NA,NA,NA,NA,no,no,NA,NA,NA,no,no,NA,NA,NA,NA,NA,NA,no,no,NA,NA,NA,no,no,NA,NA,NA,no,no,NA,NA,NA,NA,NA,yes,yes,floR.2_AF118107,100.0,74.0,no,no,no,no,NA,NA,NA,no,no,NA,NA,NA,no,no,NA,NA,NA,NA,no,no,NA,NA,NA,NA,fragmented,no,sul1.3_EU855787,100.0,136.2,yes,yes,no,no,NA,NA,NA,NA,no,no,NA,NA,NA,no,no,NA,NA,NA,NA,NA,no,no,NA,NA,NA,NA,no,no,NA,NA,NA,NA,NA,yes,yes,tet_G_.5_AF071555,100.0,70.7,no,no
out.runS04322-99/report.tsv,no,no,NA,NA,NA,no,NA,NA,NA,NA,NA,no,no,NA,NA,NA,NA,NA,NA,yes,yes,aadA2.1_X68227,100.0,51.3,no,no,no,no,no,no,no,no,no,no,no,no,no,no,no,no,no,no,no,no,no,no,no,no,no,no,NA,NA,NA,NA,NA,no,no,NA,NA,NA,NA,NA,NA,NA,NA,NA,no,no,NA,NA,NA,NA,NA,yes,yes,blaCARB_2.1_M69058,100.0,56.0,no,no,no,no,NA,NA,NA,NA,NA,NA,NA,NA,NA,NA,no,no,NA,NA,NA,no,no,NA,NA,NA,NA,NA,NA,no,no,NA,NA,NA,no,no,NA,NA,NA,no,no,NA,NA,NA,NA,NA,yes,yes,floR.2_AF118107,100.0,54.7,no,no,no,no,NA,NA,NA,no,no,NA,NA,NA,no,no,NA,NA,NA,NA,no,no,NA,NA,NA,NA,fragmented,no,sul1.3_EU855787,100.0,84.5,yes,yes,no,no,NA,NA,NA,NA,no,no,NA,NA,NA,no,no,NA,NA,NA,NA,NA,no,no,NA,NA,NA,NA,no,no,NA,NA,NA,NA,NA,yes,yes,tet_G_.5_AF071555,100.0,46.8,no,no
out.runS04488-04/report.tsv,no,no,NA,NA,NA,interrupted,aac_3__IVa.1_X01385,99.87,30.0,yes,yes,no,no,NA,NA,NA,NA,NA,NA,yes,yes,aadA2.1_X68227,100.0,64.3,no,no,no,no,no,no,no,no,no,no,no,no,no,no,no,no,no,no,no,no,no,no,no,no,no,no,NA,NA,NA,NA,NA,yes,yes,aph_3___Ic.1_X62115,98.77,337.6,yes,yes,yes,yes,yes,yes,yes,yes,aph_4__Ia.1_V01499,100.0,30.0,no,no,yes,yes,blaCARB_2.1_M69058,100.0,82.7,no,no,no,no,NA,NA,NA,NA,NA,NA,NA,NA,NA,NA,no,no,NA,NA,NA,no,no,NA,NA,NA,NA,NA,NA,no,no,NA,NA,NA,no,no,NA,NA,NA,no,no,NA,NA,NA,NA,NA,yes,yes,floR.2_AF118107,100.0,76.0,no,no,no,no,NA,NA,NA,no,no,NA,NA,NA,yes,yes,strA.1_M96392,100.0,31.4,no,yes,yes,strB.1_M96392,100.0,28.6,no,fragmented,no,sul1.2_CP002151,100.0,160.7,no,no,no,no,NA,NA,NA,NA,no,no,NA,NA,NA,no,no,NA,NA,NA,NA,NA,yes,yes,tet_B_.4_AF326777,100.0,36.1,no,no,no,NA,NA,NA,NA,NA,yes,yes,tet_G_.5_AF071555,100.0,60.5,no,no
out.runS04635-04/report.tsv,no,no,NA,NA,NA,no,NA,NA,NA,NA,NA,no,no,NA,NA,NA,NA,NA,NA,yes,yes,aadA2.1_X68227,100.0,73.0,no,no,no,no,no,no,no,no,no,no,no,no,no,no,no,no,no,no,no,no,no,no,no,no,no,no,NA,NA,NA,NA,NA,no,no,NA,NA,NA,NA,NA,NA,NA,NA,NA,no,no,NA,NA,NA,NA,NA,no,no,NA,NA,NA,NA,NA,no,no,NA,NA,NA,NA,NA,NA,NA,NA,NA,NA,no,no,NA,NA,NA,no,no,NA,NA,NA,NA,NA,NA,no,no,NA,NA,NA,no,no,NA,NA,NA,no,no,NA,NA,NA,NA,NA,partial,no,floR.2_AF118107,100.0,61.7,no,no,no,no,NA,NA,NA,no,no,NA,NA,NA,no,no,NA,NA,NA,NA,no,no,NA,NA,NA,NA,partial,no,sul1.2_CP002151,100.0,60.6,no,no,no,no,NA,NA,NA,NA,no,no,NA,NA,NA,no,no,NA,NA,NA,NA,NA,no,no,NA,NA,NA,NA,no,no,NA,NA,NA,NA,NA,no,no,NA,NA,NA,NA,NA
out.runS04655-09/report.tsv,no,no,NA,NA,NA,no,NA,NA,NA,NA,NA,yes,yes,aadA1.3_JQ414041,100.0,61.3,no,no,no,yes_nonunique,yes,aadA2.2_JQ364967,100.0,62.5,yes,no,yes,no,no,no,no,yes,no,no,yes,no,yes,yes,no,no,no,yes,no,yes,no,yes,no,yes,no,no,NA,NA,NA,NA,NA,no,no,NA,NA,NA,NA,NA,NA,NA,NA,NA,no,no,NA,NA,NA,NA,NA,no,no,NA,NA,NA,NA,NA,no,no,NA,NA,NA,NA,NA,NA,NA,NA,NA,NA,no,no,NA,NA,NA,yes,yes,cmlA1.1_M64556,99.92,60.2,yes,yes,no,no,no,NA,NA,NA,yes,yes,dfrA12.1_AB571791,100.0,52.6,no,no,NA,NA,NA,NA,NA,no,no,NA,NA,NA,NA,NA,NA,partial,mef_B_.1_FJ196385,100.0,33.4,no,no,NA,NA,NA,yes,yes,strA.4_AF321551,100.0,476.1,no,yes,yes,strB.1_M96392,100.0,446.7,no,no,no,NA,NA,NA,NA,NA,yes,yes,sul2.2_GQ421466,100.0,467.8,no,yes,yes,sul3.2_AJ459418,100.0,55.5,yes,yes,tet_A_.4_AJ517790,100.0,460.2,no,no,no,no,NA,NA,NA,NA,no,no,NA,NA,NA,NA,NA,no,no,NA,NA,NA,NA,NA
out.runS04790-97/report.tsv,no,no,NA,NA,NA,no,NA,NA,NA,NA,NA,no,no,NA,NA,NA,NA,NA,NA,yes,yes,aadA2.1_X68227,100.0,80.2,no,no,no,no,no,no,no,no,no,no,no,no,no,no,no,no,no,no,no,no,no,no,no,no,no,no,NA,NA,NA,NA,NA,no,no,NA,NA,NA,NA,NA,NA,NA,NA,NA,no,no,NA,NA,NA,NA,NA,yes,yes,blaCARB_2.1_M69058,100.0,95.9,no,no,no,no,NA,NA,NA,NA,NA,NA,NA,NA,NA,NA,no,no,NA,NA,NA,no,no,NA,NA,NA,NA,NA,NA,no,no,NA,NA,NA,no,no,NA,NA,NA,no,no,NA,NA,NA,NA,NA,yes,yes,floR.2_AF118107,100.0,87.5,no,no,no,no,NA,NA,NA,no,no,NA,NA,NA,no,no,NA,NA,NA,NA,no,no,NA,NA,NA,NA,yes,yes,sul1.2_CP002151,100.0,117.8,no,no,no,no,NA,NA,NA,NA,no,no,NA,NA,NA,no,no,NA,NA,NA,NA,NA,no,no,NA,NA,NA,NA,no,no,NA,NA,NA,NA,NA,yes,yes,tet_G_.5_AF071555,100.0,77.2,no,no
out.runS05231-09/report.tsv,no,no,NA,NA,NA,no,NA,NA,NA,NA,NA,no,no,NA,NA,NA,NA,NA,NA,yes,yes,aadA2.1_X68227,100.0,77.8,no,no,no,no,no,no,no,no,no,no,no,no,no,no,no,no,no,no,no,no,no,no,no,no,no,no,NA,NA,NA,NA,NA,no,no,NA,NA,NA,NA,NA,NA,NA,NA,NA,no,no,NA,NA,NA,NA,NA,yes,yes,blaCARB_2.1_M69058,100.0,87.3,no,no,no,no,NA,NA,NA,NA,NA,NA,NA,NA,NA,NA,no,no,NA,NA,NA,no,no,NA,NA,NA,NA,NA,NA,no,no,NA,NA,NA,no,no,NA,NA,NA,no,no,NA,NA,NA,NA,NA,yes,yes,floR.2_AF118107,99.92,75.8,yes,yes,no,no,NA,NA,NA,no,no,NA,NA,NA,no,no,NA,NA,NA,NA,no,no,NA,NA,NA,NA,fragmented,no,sul1.2_CP002151,100.0,164.3,no,no,no,no,NA,NA,NA,NA,no,no,NA,NA,NA,no,no,NA,NA,NA,NA,NA,no,no,NA,NA,NA,NA,no,no,NA,NA,NA,NA,NA,yes,yes,tet_G_.5_AF071555,100.0,75.9,no,no
out.runS05247-14/report.tsv,no,no,NA,NA,NA,no,NA,NA,NA,NA,NA,no,no,NA,NA,NA,NA,NA,NA,partial,no,aadA2.1_X68227,100.0,2.0,no,no,no,no,no,no,no,no,no,no,no,no,no,no,no,no,no,no,no,no,no,no,no,no,no,no,NA,NA,NA,NA,NA,no,no,NA,NA,NA,NA,NA,NA,NA,NA,NA,no,no,NA,NA,NA,NA,NA,interrupted,no,blaCARB_2.1_M69058,100.0,1.8,no,no,yes,yes,blaTEM_1B.1_JF910132,100.0,106.3,no,no,no,no,no,no,no,no,no,NA,NA,NA,no,no,NA,NA,NA,NA,NA,NA,no,no,NA,NA,NA,no,no,NA,NA,NA,no,no,NA,NA,NA,NA,NA,partial,no,floR.2_AF118107,100.0,2.5,no,no,no,no,NA,NA,NA,no,no,NA,NA,NA,yes,yes,strA.4_AF321551,100.0,95.5,no,yes,yes,strB.1_M96392,100.0,98.3,no,partial,no,sul1.2_CP002151,100.0,3.1,no,no,yes,yes,sul2.3_HQ840942,100.0,102.3,no,no,no,NA,NA,NA,no,no,NA,NA,NA,NA,NA,yes,yes,tet_B_.4_AF326777,100.0,132.2,no,no,no,NA,NA,NA,NA,NA,partial,no,tet_G_.4_AF133140,99.66,2.9,yes,yes
out.runS05290-09/report.tsv,no,no,NA,NA,NA,no,NA,NA,NA,NA,NA,no,no,NA,NA,NA,NA,NA,NA,no,no,NA,NA,NA,NA,NA,NA,NA,NA,NA,NA,NA,NA,NA,NA,NA,NA,NA,NA,NA,NA,NA,NA,NA,NA,NA,NA,NA,NA,no,NA,NA,NA,NA,NA,no,no,NA,NA,NA,NA,NA,NA,NA,NA,NA,no,no,NA,NA,NA,NA,NA,no,no,NA,NA,NA,NA,NA,no,no,NA,NA,NA,NA,NA,NA,NA,NA,NA,NA,no,no,NA,NA,NA,no,no,NA,NA,NA,NA,NA,NA,no,no,NA,NA,NA,no,no,NA,NA,NA,no,no,NA,NA,NA,NA,NA,no,no,NA,NA,NA,NA,NA,NA,no,NA,NA,NA,no,no,NA,NA,NA,no,no,NA,NA,NA,NA,no,no,NA,NA,NA,NA,no,no,NA,NA,NA,NA,NA,no,no,NA,NA,NA,NA,no,no,NA,NA,NA,no,no,NA,NA,NA,NA,NA,no,no,NA,NA,NA,NA,no,no,NA,NA,NA,NA,NA,no,no,NA,NA,NA,NA,NA
out.runS05339-97/report.tsv,no,no,NA,NA,NA,no,NA,NA,NA,NA,NA,no,no,NA,NA,NA,NA,NA,NA,yes,yes,aadA2.1_X68227,100.0,108.1,no,no,no,no,no,no,no,no,no,no,no,no,no,no,no,no,no,no,no,no,no,no,no,no,no,no,NA,NA,NA,NA,NA,no,no,NA,NA,NA,NA,NA,NA,NA,NA,NA,no,no,NA,NA,NA,NA,NA,no,no,NA,NA,NA,NA,NA,no,no,NA,NA,NA,NA,NA,NA,NA,NA,NA,NA,no,no,NA,NA,NA,no,no,NA,NA,NA,NA,NA,NA,no,no,NA,NA,NA,no,no,NA,NA,NA,no,no,NA,NA,NA,NA,NA,no,no,NA,NA,NA,NA,NA,NA,no,NA,NA,NA,no,no,NA,NA,NA,no,no,NA,NA,NA,NA,no,no,NA,NA,NA,NA,yes,yes,sul1.1_AY224185,100.0,104.6,no,no,no,no,NA,NA,NA,NA,no,no,NA,NA,NA,no,no,NA,NA,NA,NA,NA,no,no,NA,NA,NA,NA,no,no,NA,NA,NA,NA,NA,no,no,NA,NA,NA,NA,NA
out.runS06001-08/report.tsv,yes,yes,QnrB19.1_HM146784,100.0,1238.5,no,NA,NA,NA,NA,NA,no,no,NA,NA,NA,NA,NA,NA,no,no,NA,NA,NA,NA,NA,NA,NA,NA,NA,NA,NA,NA,NA,NA,NA,NA,NA,NA,NA,NA,NA,NA,NA,NA,NA,NA,NA,NA,no,NA,NA,NA,NA,NA,no,no,NA,NA,NA,NA,NA,NA,NA,NA,NA,no,no,NA,NA,NA,NA,NA,no,no,NA,NA,NA,NA,NA,no,no,NA,NA,NA,NA,NA,NA,NA,NA,NA,NA,no,no,NA,NA,NA,no,no,NA,NA,NA,NA,NA,NA,no,no,NA,NA,NA,no,no,NA,NA,NA,no,no,NA,NA,NA,NA,NA,no,no,NA,NA,NA,NA,NA,NA,no,NA,NA,NA,no,no,NA,NA,NA,yes,yes,strA.4_AF321551,100.0,479.4,no,yes,yes,strB.1_M96392,100.0,470.5,no,no,no,NA,NA,NA,NA,NA,yes,yes,sul2.2_GQ421466,100.0,518.6,no,no,no,NA,NA,NA,yes,yes,tet_A_.4_AJ517790,99.92,497.4,yes,yes,no,no,NA,NA,NA,NA,no,no,NA,NA,NA,NA,NA,no,no,NA,NA,NA,NA,NA
out.runS06036-03/report.tsv,no,no,NA,NA,NA,no,NA,NA,NA,NA,NA,no,no,NA,NA,NA,NA,NA,NA,yes,yes,aadA2.1_X68227,100.0,76.1,no,no,no,no,no,no,no,no,no,no,no,no,no,no,no,no,no,no,no,no,no,no,no,no,no,no,NA,NA,NA,NA,NA,no,no,NA,NA,NA,NA,NA,NA,NA,NA,NA,no,no,NA,NA,NA,NA,NA,yes,yes,blaCARB_2.1_M69058,100.0,20.0,no,no,no,no,NA,NA,NA,NA,NA,NA,NA,NA,NA,NA,no,no,NA,NA,NA,no,no,NA,NA,NA,NA,NA,NA,no,no,NA,NA,NA,no,no,NA,NA,NA,yes,yes,dfrA14.1_DQ388123,99.79,202.3,yes,yes,yes,yes,floR.2_AF118107,100.0,21.0,no,no,no,no,NA,NA,NA,no,no,NA,NA,NA,fragmented,no,strA.4_AF321551,100.0,179.3,no,yes,yes,strB.1_M96392,100.0,210.1,no,fragmented,no,sul1.2_CP002151,100.0,84.8,no,no,yes,yes,sul2.2_GQ421466,100.0,215.4,no,no,no,NA,NA,NA,no,no,NA,NA,NA,NA,NA,no,no,NA,NA,NA,NA,no,no,NA,NA,NA,NA,NA,yes,yes,tet_G_.5_AF071555,100.0,18.8,no,no
out.runS06216-03/report.tsv,no,no,NA,NA,NA,no,NA,NA,NA,NA,NA,no,no,NA,NA,NA,NA,NA,NA,yes,yes,aadA2.1_X68227,100.0,70.6,no,no,no,no,no,no,no,no,no,no,no,no,no,no,no,no,no,no,no,no,no,no,no,no,no,no,NA,NA,NA,NA,NA,no,no,NA,NA,NA,NA,NA,NA,NA,NA,NA,no,no,NA,NA,NA,NA,NA,yes,yes,blaCARB_2.1_M69058,100.0,82.8,no,no,no,no,NA,NA,NA,NA,NA,NA,NA,NA,NA,NA,no,no,NA,NA,NA,no,no,NA,NA,NA,NA,NA,NA,no,no,NA,NA,NA,no,no,NA,NA,NA,yes,yes,dfrA14.1_DQ388123,99.79,131.8,yes,yes,yes,yes,floR.2_AF118107,100.0,76.8,no,no,no,no,NA,NA,NA,no,no,NA,NA,NA,fragmented,no,strA.4_AF321551,100.0,128.5,no,yes,yes,strB.1_M96392,100.0,135.5,no,fragmented,no,sul1.2_CP002151,100.0,171.6,no,no,yes,yes,sul2.2_GQ421466,100.0,145.9,no,no,no,NA,NA,NA,no,no,NA,NA,NA,NA,NA,no,no,NA,NA,NA,NA,no,no,NA,NA,NA,NA,NA,yes,yes,tet_G_.5_AF071555,100.0,80.9,no,no
out.runS06290-02/report.tsv,no,no,NA,NA,NA,no,NA,NA,NA,NA,NA,yes,yes,aadA1.3_JQ414041,100.0,68.5,no,no,no,yes_nonunique,yes,aadA2.2_JQ364967,100.0,66.9,yes,no,yes,yes,yes,yes,no,yes,yes,yes,no,no,yes,yes,yes,yes,yes,no,no,yes,no,yes,no,yes,yes,no,NA,NA,NA,NA,NA,yes,yes,aph_3___Ia.1_V00359,100.0,62.6,no,no,no,no,no,no,no,no,NA,NA,NA,NA,NA,no,no,NA,NA,NA,NA,NA,yes,yes,blaTEM_1B.1_JF910132,100.0,57.5,no,no,no,no,no,no,no,no,no,NA,NA,NA,yes,yes,cmlA1.1_M64556,99.92,69.5,yes,yes,no,no,no,NA,NA,NA,yes,yes,dfrA12.1_AB571791,100.0,52.6,no,no,NA,NA,NA,NA,NA,no,no,NA,NA,NA,NA,NA,NA,partial,mef_B_.1_FJ196385,100.0,32.6,no,no,NA,NA,NA,no,no,NA,NA,NA,NA,no,no,NA,NA,NA,NA,no,no,NA,NA,NA,NA,NA,no,no,NA,NA,NA,NA,yes,yes,sul3.2_AJ459418,100.0,73.5,no,no,NA,NA,NA,NA,NA,no,no,NA,NA,NA,NA,no,no,NA,NA,NA,NA,NA,no,no,NA,NA,NA,NA,NA
out.runS06569-05/report.tsv,no,no,NA,NA,NA,no,NA,NA,NA,NA,NA,no,no,NA,NA,NA,NA,NA,NA,no,no,NA,NA,NA,NA,NA,NA,NA,NA,NA,NA,NA,NA,NA,NA,NA,NA,NA,NA,NA,NA,NA,NA,NA,NA,NA,NA,NA,NA,no,NA,NA,NA,NA,NA,no,no,NA,NA,NA,NA,NA,NA,NA,NA,NA,no,no,NA,NA,NA,NA,NA,no,no,NA,NA,NA,NA,NA,no,no,NA,NA,NA,NA,NA,NA,NA,NA,NA,NA,no,no,NA,NA,NA,no,no,NA,NA,NA,NA,NA,NA,no,no,NA,NA,NA,no,no,NA,NA,NA,no,no,NA,NA,NA,NA,NA,no,no,NA,NA,NA,NA,NA,NA,no,NA,NA,NA,no,no,NA,NA,NA,yes,yes,strA.4_AF321551,100.0,1253.3,no,yes,yes,strB.1_M96392,100.0,1172.3,no,no,no,NA,NA,NA,NA,NA,yes,yes,sul2.2_GQ421466,100.0,1267.5,no,no,no,NA,NA,NA,yes,yes,tet_A_.4_AJ517790,100.0,1325.1,no,no,no,no,NA,NA,NA,NA,no,no,NA,NA,NA,NA,NA,no,no,NA,NA,NA,NA,NA
out.runS06618-99/report.tsv,no,no,NA,NA,NA,no,NA,NA,NA,NA,NA,no,no,NA,NA,NA,NA,NA,NA,yes,yes,aadA2.1_X68227,100.0,50.3,no,no,no,no,no,no,no,no,no,no,no,no,no,no,no,no,no,no,no,no,no,no,no,no,no,no,NA,NA,NA,NA,NA,no,no,NA,NA,NA,NA,NA,NA,NA,NA,NA,no,no,NA,NA,NA,NA,NA,no,no,NA,NA,NA,NA,NA,no,no,NA,NA,NA,NA,NA,NA,NA,NA,NA,NA,no,no,NA,NA,NA,no,no,NA,NA,NA,NA,NA,NA,no,no,NA,NA,NA,no,no,NA,NA,NA,no,no,NA,NA,NA,NA,NA,no,no,NA,NA,NA,NA,NA,NA,no,NA,NA,NA,no,no,NA,NA,NA,no,no,NA,NA,NA,NA,no,no,NA,NA,NA,NA,yes,yes,sul1.2_CP002151,100.0,44.8,no,no,no,no,NA,NA,NA,NA,no,no,NA,NA,NA,no,no,NA,NA,NA,NA,NA,no,no,NA,NA,NA,NA,no,no,NA,NA,NA,NA,NA,no,no,NA,NA,NA,NA,NA
out.runS06636-12/report.tsv,no,no,NA,NA,NA,interrupted,aac_3__IVa.1_X01385,99.87,22.5,yes,yes,no,no,NA,NA,NA,NA,NA,NA,no,no,NA,NA,NA,NA,NA,NA,NA,NA,NA,NA,NA,NA,NA,NA,NA,NA,NA,NA,NA,NA,NA,NA,NA,NA,NA,NA,NA,NA,no,NA,NA,NA,NA,NA,no,no,NA,NA,NA,NA,NA,NA,NA,NA,NA,fragmented,no,aph_4__Ia.1_V01499,100.0,23.7,no,no,no,no,NA,NA,NA,NA,NA,fragmented,no,blaTEM_124.1_AY327540,99.57,27.5,yes,yes,yes,yes,yes,yes,no,no,no,NA,NA,NA,no,no,NA,NA,NA,NA,NA,NA,no,no,NA,NA,NA,no,no,NA,NA,NA,no,no,NA,NA,NA,NA,NA,no,no,NA,NA,NA,NA,NA,NA,no,NA,NA,NA,no,no,NA,NA,NA,yes,yes,strA.4_AF321551,100.0,431.6,no,yes,yes,strB.1_M96392,100.0,421.0,no,no,no,NA,NA,NA,NA,NA,yes,yes,sul2.2_GQ421466,100.0,433.5,no,no,no,NA,NA,NA,yes,yes,tet_A_.4_AJ517790,100.0,435.3,no,no,no,no,NA,NA,NA,NA,no,no,NA,NA,NA,NA,NA,no,no,NA,NA,NA,NA,NA
out.runS06719-94/report.tsv,no,no,NA,NA,NA,no,NA,NA,NA,NA,NA,no,no,NA,NA,NA,NA,NA,NA,yes,yes,aadA2.1_X68227,100.0,92.2,no,no,no,no,no,no,no,no,no,no,no,no,no,no,no,no,no,no,no,no,no,no,no,no,no,no,NA,NA,NA,NA,NA,no,no,NA,NA,NA,NA,NA,NA,NA,NA,NA,no,no,NA,NA,NA,NA,NA,yes,yes,blaCARB_2.1_M69058,100.0,111.7,no,no,no,no,NA,NA,NA,NA,NA,NA,NA,NA,NA,NA,no,no,NA,NA,NA,no,no,NA,NA,NA,NA,NA,NA,no,no,NA,NA,NA,no,no,NA,NA,NA,no,no,NA,NA,NA,NA,NA,yes,yes,floR.2_AF118107,100.0,96.7,no,no,no,no,NA,NA,NA,no,no,NA,NA,NA,no,no,NA,NA,NA,NA,no,no,NA,NA,NA,NA,fragmented,no,sul1.2_CP002151,100.0,214.9,no,no,no,no,NA,NA,NA,NA,no,no,NA,NA,NA,no,no,NA,NA,NA,NA,NA,no,no,NA,NA,NA,NA,no,no,NA,NA,NA,NA,NA,yes,yes,tet_G_.5_AF071555,100.0,94.1,no,no
out.runS06756-00/report.tsv,no,no,NA,NA,NA,no,NA,NA,NA,NA,NA,no,no,NA,NA,NA,NA,NA,NA,no,no,NA,NA,NA,NA,NA,NA,NA,NA,NA,NA,NA,NA,NA,NA,NA,NA,NA,NA,NA,NA,NA,NA,NA,NA,NA,NA,NA,NA,no,NA,NA,NA,NA,NA,no,no,NA,NA,NA,NA,NA,NA,NA,NA,NA,no,no,NA,NA,NA,NA,NA,no,no,NA,NA,NA,NA,NA,yes,yes,blaTEM_1B.1_JF910132,100.0,88.6,no,no,no,no,no,no,no,no,no,NA,NA,NA,no,no,NA,NA,NA,NA,NA,NA,no,no,NA,NA,NA,no,no,NA,NA,NA,yes,yes,dfrA14.1_DQ388123,99.79,69.2,yes,yes,no,no,NA,NA,NA,NA,NA,NA,no,NA,NA,NA,no,no,NA,NA,NA,fragmented,no,strA.4_AF321551,100.0,62.1,no,yes,yes,strB.1_M96392,100.0,80.9,no,no,no,NA,NA,NA,NA,NA,yes,yes,sul2.2_GQ421466,100.0,71.3,no,no,no,NA,NA,NA,yes,yes,tet_A_.4_AJ517790,100.0,77.5,no,no,no,no,NA,NA,NA,NA,no,no,NA,NA,NA,NA,NA,no,no,NA,NA,NA,NA,NA
out.runS07053-03/report.tsv,no,no,NA,NA,NA,no,NA,NA,NA,NA,NA,no,no,NA,NA,NA,NA,NA,NA,yes,yes,aadA2.1_X68227,100.0,127.3,no,no,no,no,no,no,no,no,no,no,no,no,no,no,no,no,no,no,no,no,no,no,no,no,no,no,NA,NA,NA,NA,NA,no,no,NA,NA,NA,NA,NA,NA,NA,NA,NA,no,no,NA,NA,NA,NA,NA,yes,yes,blaCARB_2.1_M69058,100.0,124.3,no,no,no,no,NA,NA,NA,NA,NA,NA,NA,NA,NA,NA,no,no,NA,NA,NA,no,no,NA,NA,NA,NA,NA,NA,no,no,NA,NA,NA,no,no,NA,NA,NA,no,no,NA,NA,NA,NA,NA,yes,yes,floR.2_AF118107,100.0,153.2,no,no,no,no,NA,NA,NA,no,no,NA,NA,NA,no,no,NA,NA,NA,NA,no,no,NA,NA,NA,NA,fragmented,no,sul1.2_CP002151,100.0,291.5,no,no,no,no,NA,NA,NA,NA,no,no,NA,NA,NA,no,no,NA,NA,NA,NA,NA,no,no,NA,NA,NA,NA,no,no,NA,NA,NA,NA,NA,yes,yes,tet_G_.5_AF071555,100.0,152.1,no,no
out.runS07102-03/report.tsv,no,no,NA,NA,NA,no,NA,NA,NA,NA,NA,no,no,NA,NA,NA,NA,NA,NA,no,no,NA,NA,NA,NA,NA,NA,NA,NA,NA,NA,NA,NA,NA,NA,NA,NA,NA,NA,NA,NA,NA,NA,NA,NA,NA,NA,NA,NA,no,NA,NA,NA,NA,NA,no,no,NA,NA,NA,NA,NA,NA,NA,NA,NA,no,no,NA,NA,NA,NA,NA,no,no,NA,NA,NA,NA,NA,no,no,NA,NA,NA,NA,NA,NA,NA,NA,NA,NA,no,no,NA,NA,NA,no,no,NA,NA,NA,NA,NA,NA,no,no,NA,NA,NA,no,no,NA,NA,NA,no,no,NA,NA,NA,NA,NA,no,no,NA,NA,NA,NA,NA,NA,no,NA,NA,NA,no,no,NA,NA,NA,no,no,NA,NA,NA,NA,no,no,NA,NA,NA,NA,no,no,NA,NA,NA,NA,NA,no,no,NA,NA,NA,NA,no,no,NA,NA,NA,no,no,NA,NA,NA,NA,NA,no,no,NA,NA,NA,NA,no,no,NA,NA,NA,NA,NA,no,no,NA,NA,NA,NA,NA
out.runS07406-99/report.tsv,no,no,NA,NA,NA,no,NA,NA,NA,NA,NA,no,no,NA,NA,NA,NA,NA,NA,no,no,NA,NA,NA,NA,NA,NA,NA,NA,NA,NA,NA,NA,NA,NA,NA,NA,NA,NA,NA,NA,NA,NA,NA,NA,NA,NA,NA,NA,no,NA,NA,NA,NA,NA,no,no,NA,NA,NA,NA,NA,NA,NA,NA,NA,no,no,NA,NA,NA,NA,NA,no,no,NA,NA,NA,NA,NA,no,no,NA,NA,NA,NA,NA,NA,NA,NA,NA,NA,no,no,NA,NA,NA,no,no,NA,NA,NA,NA,NA,NA,no,no,NA,NA,NA,no,no,NA,NA,NA,no,no,NA,NA,NA,NA,NA,no,no,NA,NA,NA,NA,NA,NA,no,NA,NA,NA,no,no,NA,NA,NA,no,no,NA,NA,NA,NA,no,no,NA,NA,NA,NA,no,no,NA,NA,NA,NA,NA,no,no,NA,NA,NA,NA,no,no,NA,NA,NA,no,no,NA,NA,NA,NA,NA,no,no,NA,NA,NA,NA,yes,yes,tet_C_.5_NC_003213,99.92,64.9,yes,yes,no,no,NA,NA,NA,NA,NA
out.runS07452-95/report.tsv,no,no,NA,NA,NA,no,NA,NA,NA,NA,NA,no,no,NA,NA,NA,NA,NA,NA,yes,yes,aadA2.1_X68227,100.0,80.6,no,no,no,no,no,no,no,no,no,no,no,no,no,no,no,no,no,no,no,no,no,no,no,no,no,no,NA,NA,NA,NA,NA,no,no,NA,NA,NA,NA,NA,NA,NA,NA,NA,no,no,NA,NA,NA,NA,NA,yes,yes,blaCARB_2.1_M69058,100.0,92.0,no,no,no,no,NA,NA,NA,NA,NA,NA,NA,NA,NA,NA,no,no,NA,NA,NA,no,no,NA,NA,NA,NA,NA,NA,no,no,NA,NA,NA,no,no,NA,NA,NA,no,no,NA,NA,NA,NA,NA,yes,yes,floR.2_AF118107,100.0,81.2,no,no,no,no,NA,NA,NA,no,no,NA,NA,NA,no,no,NA,NA,NA,NA,no,no,NA,NA,NA,NA,fragmented,no,sul1.2_CP002151,100.0,154.3,no,no,no,no,NA,NA,NA,NA,no,no,NA,NA,NA,no,no,NA,NA,NA,NA,NA,no,no,NA,NA,NA,NA,no,no,NA,NA,NA,NA,NA,yes,yes,tet_G_.5_AF071555,100.0,90.6,no,no
out.runS07487-96/report.tsv,no,no,NA,NA,NA,no,NA,NA,NA,NA,NA,no,no,NA,NA,NA,NA,NA,NA,no,no,NA,NA,NA,NA,NA,NA,NA,NA,NA,NA,NA,NA,NA,NA,NA,NA,NA,NA,NA,NA,NA,NA,NA,NA,NA,NA,NA,NA,no,NA,NA,NA,NA,NA,no,no,NA,NA,NA,NA,NA,NA,NA,NA,NA,no,no,NA,NA,NA,NA,NA,no,no,NA,NA,NA,NA,NA,no,no,NA,NA,NA,NA,NA,NA,NA,NA,NA,NA,no,no,NA,NA,NA,no,no,NA,NA,NA,NA,NA,NA,no,no,NA,NA,NA,no,no,NA,NA,NA,no,no,NA,NA,NA,NA,NA,no,no,NA,NA,NA,NA,NA,NA,no,NA,NA,NA,no,no,NA,NA,NA,no,no,NA,NA,NA,NA,no,no,NA,NA,NA,NA,no,no,NA,NA,NA,NA,NA,no,no,NA,NA,NA,NA,no,no,NA,NA,NA,no,no,NA,NA,NA,NA,NA,yes,yes,tet_B_.4_AF326777,100.0,91.3,no,no,no,NA,NA,NA,NA,NA,no,no,NA,NA,NA,NA,NA
out.runS07497-96/report.tsv,no,no,NA,NA,NA,no,NA,NA,NA,NA,NA,no,no,NA,NA,NA,NA,NA,NA,yes,yes,aadA2.1_X68227,100.0,94.2,no,no,no,no,no,no,no,no,no,no,no,no,no,no,no,no,no,no,no,no,no,no,no,no,no,no,NA,NA,NA,NA,NA,no,no,NA,NA,NA,NA,NA,NA,NA,NA,NA,no,no,NA,NA,NA,NA,NA,no,no,NA,NA,NA,NA,NA,no,no,NA,NA,NA,NA,NA,NA,NA,NA,NA,NA,no,no,NA,NA,NA,no,no,NA,NA,NA,NA,NA,NA,no,no,NA,NA,NA,no,no,NA,NA,NA,no,no,NA,NA,NA,NA,NA,no,no,NA,NA,NA,NA,NA,NA,no,NA,NA,NA,no,no,NA,NA,NA,no,no,NA,NA,NA,NA,no,no,NA,NA,NA,NA,yes,yes,sul1.1_AY224185,100.0,89.5,no,no,no,no,NA,NA,NA,NA,no,no,NA,NA,NA,no,no,NA,NA,NA,NA,NA,no,no,NA,NA,NA,NA,no,no,NA,NA,NA,NA,NA,no,no,NA,NA,NA,NA,NA
out.runS07591-95/report.tsv,no,no,NA,NA,NA,no,NA,NA,NA,NA,NA,no,no,NA,NA,NA,NA,NA,NA,yes,yes,aadA2.1_X68227,100.0,96.0,no,no,no,no,no,no,no,no,no,no,no,no,no,no,no,no,no,no,no,no,no,no,no,no,no,no,NA,NA,NA,NA,NA,no,no,NA,NA,NA,NA,NA,NA,NA,NA,NA,no,no,NA,NA,NA,NA,NA,yes,yes,blaCARB_2.1_M69058,100.0,106.2,no,no,no,no,NA,NA,NA,NA,NA,NA,NA,NA,NA,NA,no,no,NA,NA,NA,no,no,NA,NA,NA,NA,NA,NA,no,no,NA,NA,NA,no,no,NA,NA,NA,no,no,NA,NA,NA,NA,NA,yes,yes,floR.2_AF118107,100.0,102.8,no,no,no,no,NA,NA,NA,no,no,NA,NA,NA,no,no,NA,NA,NA,NA,no,no,NA,NA,NA,NA,fragmented,no,sul1.3_EU855787,100.0,181.3,yes,yes,no,no,NA,NA,NA,NA,no,no,NA,NA,NA,no,no,NA,NA,NA,NA,NA,no,no,NA,NA,NA,NA,no,no,NA,NA,NA,NA,NA,yes,yes,tet_G_.5_AF071555,100.0,92.9,no,no
out.runS07623-03/report.tsv,no,no,NA,NA,NA,no,NA,NA,NA,NA,NA,no,no,NA,NA,NA,NA,NA,NA,yes,yes,aadA2.1_X68227,100.0,80.2,no,no,no,no,no,no,no,no,no,no,no,no,no,no,no,no,no,no,no,no,no,no,no,no,no,no,NA,NA,NA,NA,NA,no,no,NA,NA,NA,NA,NA,NA,NA,NA,NA,no,no,NA,NA,NA,NA,NA,yes,yes,blaCARB_2.1_M69058,100.0,101.6,no,no,no,no,NA,NA,NA,NA,NA,NA,NA,NA,NA,NA,no,no,NA,NA,NA,no,no,NA,NA,NA,NA,NA,NA,no,no,NA,NA,NA,no,no,NA,NA,NA,no,no,NA,NA,NA,NA,NA,yes,yes,floR.2_AF118107,100.0,87.9,no,no,no,no,NA,NA,NA,no,no,NA,NA,NA,no,no,NA,NA,NA,NA,no,no,NA,NA,NA,NA,fragmented,no,sul1.2_CP002151,100.0,172.3,no,no,no,no,NA,NA,NA,NA,no,no,NA,NA,NA,no,no,NA,NA,NA,NA,NA,no,no,NA,NA,NA,NA,no,no,NA,NA,NA,NA,NA,yes,yes,tet_G_.5_AF071555,100.0,82.0,no,no
out.runS07625-03/report.tsv,no,no,NA,NA,NA,no,NA,NA,NA,NA,NA,no,no,NA,NA,NA,NA,NA,NA,yes,yes,aadA2.1_X68227,100.0,75.7,no,no,no,no,no,no,no,no,no,no,no,no,no,no,no,no,no,no,no,no,no,no,no,no,no,no,NA,NA,NA,NA,NA,no,no,NA,NA,NA,NA,NA,NA,NA,NA,NA,no,no,NA,NA,NA,NA,NA,yes,yes,blaCARB_2.1_M69058,100.0,84.1,no,no,no,no,NA,NA,NA,NA,NA,NA,NA,NA,NA,NA,no,no,NA,NA,NA,no,no,NA,NA,NA,NA,NA,NA,no,no,NA,NA,NA,no,no,NA,NA,NA,no,no,NA,NA,NA,NA,NA,yes,yes,floR.2_AF118107,100.0,73.3,no,no,no,no,NA,NA,NA,no,no,NA,NA,NA,no,no,NA,NA,NA,NA,no,no,NA,NA,NA,NA,fragmented,no,sul1.2_CP002151,100.0,161.4,no,no,no,no,NA,NA,NA,NA,no,no,NA,NA,NA,no,no,NA,NA,NA,NA,NA,no,no,NA,NA,NA,NA,no,no,NA,NA,NA,NA,NA,yes,yes,tet_G_.5_AF071555,100.0,72.4,no,no
out.runS07896-03/report.tsv,no,no,NA,NA,NA,no,NA,NA,NA,NA,NA,no,no,NA,NA,NA,NA,NA,NA,yes,yes,aadA2.1_X68227,100.0,73.2,no,no,no,no,no,no,no,no,no,no,no,no,no,no,no,no,no,no,no,no,no,no,no,no,no,no,NA,NA,NA,NA,NA,no,no,NA,NA,NA,NA,NA,NA,NA,NA,NA,no,no,NA,NA,NA,NA,NA,yes,yes,blaCARB_2.1_M69058,100.0,88.3,no,no,no,no,NA,NA,NA,NA,NA,NA,NA,NA,NA,NA,no,no,NA,NA,NA,no,no,NA,NA,NA,NA,NA,NA,no,no,NA,NA,NA,no,no,NA,NA,NA,no,no,NA,NA,NA,NA,NA,yes,yes,floR.2_AF118107,99.92,74.0,yes,yes,no,no,NA,NA,NA,no,no,NA,NA,NA,no,no,NA,NA,NA,NA,no,no,NA,NA,NA,NA,fragmented,no,sul1.2_CP002151,100.0,158.2,no,no,no,no,NA,NA,NA,NA,no,no,NA,NA,NA,no,no,NA,NA,NA,NA,NA,no,no,NA,NA,NA,NA,no,no,NA,NA,NA,NA,NA,yes,yes,tet_G_.5_AF071555,100.0,71.5,no,no
out.runS08411-93/report.tsv,no,no,NA,NA,NA,no,NA,NA,NA,NA,NA,no,no,NA,NA,NA,NA,NA,NA,yes,yes,aadA2.1_X68227,100.0,85.9,no,no,no,no,no,no,no,no,no,no,no,no,no,no,no,no,no,no,no,no,no,no,no,no,no,no,NA,NA,NA,NA,NA,no,no,NA,NA,NA,NA,NA,NA,NA,NA,NA,no,no,NA,NA,NA,NA,NA,yes,yes,blaCARB_2.1_M69058,100.0,111.4,no,no,no,no,NA,NA,NA,NA,NA,NA,NA,NA,NA,NA,no,no,NA,NA,NA,no,no,NA,NA,NA,NA,NA,NA,no,no,NA,NA,NA,no,no,NA,NA,NA,no,no,NA,NA,NA,NA,NA,yes,yes,floR.2_AF118107,100.0,84.5,no,no,no,no,NA,NA,NA,no,no,NA,NA,NA,no,no,NA,NA,NA,NA,no,no,NA,NA,NA,NA,fragmented,no,sul1.2_CP002151,100.0,215.1,no,no,no,no,NA,NA,NA,NA,no,no,NA,NA,NA,no,no,NA,NA,NA,NA,NA,no,no,NA,NA,NA,NA,no,no,NA,NA,NA,NA,NA,yes,yes,tet_G_.5_AF071555,100.0,92.5,no,no
out.runS08457-97/report.tsv,no,no,NA,NA,NA,no,NA,NA,NA,NA,NA,no,no,NA,NA,NA,NA,NA,NA,no,no,NA,NA,NA,NA,NA,NA,NA,NA,NA,NA,NA,NA,NA,NA,NA,NA,NA,NA,NA,NA,NA,NA,NA,NA,NA,NA,NA,NA,no,NA,NA,NA,NA,NA,no,no,NA,NA,NA,NA,NA,NA,NA,NA,NA,no,no,NA,NA,NA,NA,NA,no,no,NA,NA,NA,NA,NA,no,no,NA,NA,NA,NA,NA,NA,NA,NA,NA,NA,no,no,NA,NA,NA,no,no,NA,NA,NA,NA,NA,NA,no,no,NA,NA,NA,no,no,NA,NA,NA,no,no,NA,NA,NA,NA,NA,no,no,NA,NA,NA,NA,NA,NA,no,NA,NA,NA,no,no,NA,NA,NA,no,no,NA,NA,NA,NA,no,no,NA,NA,NA,NA,no,no,NA,NA,NA,NA,NA,no,no,NA,NA,NA,NA,no,no,NA,NA,NA,no,no,NA,NA,NA,NA,NA,no,no,NA,NA,NA,NA,no,no,NA,NA,NA,NA,NA,no,no,NA,NA,NA,NA,NA
out.runS08761-96/report.tsv,no,no,NA,NA,NA,no,NA,NA,NA,NA,NA,no,no,NA,NA,NA,NA,NA,NA,no,no,NA,NA,NA,NA,NA,NA,NA,NA,NA,NA,NA,NA,NA,NA,NA,NA,NA,NA,NA,NA,NA,NA,NA,NA,NA,NA,NA,NA,no,NA,NA,NA,NA,NA,no,no,NA,NA,NA,NA,NA,NA,NA,NA,NA,no,no,NA,NA,NA,NA,NA,no,no,NA,NA,NA,NA,NA,no,no,NA,NA,NA,NA,NA,NA,NA,NA,NA,NA,no,no,NA,NA,NA,no,no,NA,NA,NA,NA,NA,NA,no,no,NA,NA,NA,no,no,NA,NA,NA,no,no,NA,NA,NA,NA,NA,no,no,NA,NA,NA,NA,NA,NA,no,NA,NA,NA,no,no,NA,NA,NA,no,no,NA,NA,NA,NA,no,no,NA,NA,NA,NA,no,no,NA,NA,NA,NA,NA,no,no,NA,NA,NA,NA,no,no,NA,NA,NA,no,no,NA,NA,NA,NA,NA,yes,yes,tet_B_.4_AF326777,100.0,72.2,no,no,no,NA,NA,NA,NA,NA,no,no,NA,NA,NA,NA,NA
out.runS08887-98/report.tsv,no,no,NA,NA,NA,no,NA,NA,NA,NA,NA,no,no,NA,NA,NA,NA,NA,NA,no,no,NA,NA,NA,NA,NA,NA,NA,NA,NA,NA,NA,NA,NA,NA,NA,NA,NA,NA,NA,NA,NA,NA,NA,NA,NA,NA,NA,NA,no,NA,NA,NA,NA,NA,no,no,NA,NA,NA,NA,NA,NA,NA,NA,NA,no,no,NA,NA,NA,NA,NA,no,no,NA,NA,NA,NA,NA,yes,yes,blaTEM_1B.1_JF910132,100.0,122.6,no,no,no,no,no,no,no,no,no,NA,NA,NA,no,no,NA,NA,NA,NA,NA,NA,no,no,NA,NA,NA,no,no,NA,NA,NA,no,no,NA,NA,NA,NA,NA,no,no,NA,NA,NA,NA,NA,NA,no,NA,NA,NA,no,no,NA,NA,NA,no,no,NA,NA,NA,NA,no,no,NA,NA,NA,NA,no,no,NA,NA,NA,NA,NA,partial,no,sul2.6_FN995456,100.0,2.2,no,no,no,NA,NA,NA,no,no,NA,NA,NA,NA,NA,no,no,NA,NA,NA,NA,no,no,NA,NA,NA,NA,NA,no,no,NA,NA,NA,NA,NA
out.runS09137-97/report.tsv,no,no,NA,NA,NA,no,NA,NA,NA,NA,NA,no,no,NA,NA,NA,NA,NA,NA,yes,yes,aadA2.1_X68227,100.0,93.1,no,no,no,no,no,no,no,no,no,no,no,no,no,no,no,no,no,no,no,no,no,no,no,no,no,no,NA,NA,NA,NA,NA,no,no,NA,NA,NA,NA,NA,NA,NA,NA,NA,no,no,NA,NA,NA,NA,NA,yes,yes,blaCARB_2.1_M69058,100.0,88.8,no,no,no,no,NA,NA,NA,NA,NA,NA,NA,NA,NA,NA,no,no,NA,NA,NA,no,no,NA,NA,NA,NA,NA,NA,no,no,NA,NA,NA,no,no,NA,NA,NA,no,no,NA,NA,NA,NA,NA,yes,yes,floR.2_AF118107,100.0,73.8,no,no,no,no,NA,NA,NA,no,no,NA,NA,NA,no,no,NA,NA,NA,NA,no,no,NA,NA,NA,NA,fragmented,no,sul1.2_CP002151,100.0,188.6,no,no,no,no,NA,NA,NA,NA,no,no,NA,NA,NA,no,no,NA,NA,NA,NA,NA,no,no,NA,NA,NA,NA,no,no,NA,NA,NA,NA,NA,yes,yes,tet_G_.5_AF071555,100.0,75.7,no,no
out.runS09202-95/report.tsv,no,no,NA,NA,NA,no,NA,NA,NA,NA,NA,no,no,NA,NA,NA,NA,NA,NA,yes,yes,aadA2.1_X68227,100.0,81.5,no,no,no,no,no,no,no,no,no,no,no,no,no,no,no,no,no,no,no,no,no,no,no,no,no,no,NA,NA,NA,NA,NA,no,no,NA,NA,NA,NA,NA,NA,NA,NA,NA,no,no,NA,NA,NA,NA,NA,no,no,NA,NA,NA,NA,NA,no,no,NA,NA,NA,NA,NA,NA,NA,NA,NA,NA,no,no,NA,NA,NA,no,no,NA,NA,NA,NA,NA,NA,no,no,NA,NA,NA,no,no,NA,NA,NA,yes,yes,dfrA14.1_DQ388123,99.79,154.3,yes,yes,no,no,NA,NA,NA,NA,NA,NA,no,NA,NA,NA,no,no,NA,NA,NA,fragmented,no,strA.4_AF321551,100.0,147.8,no,yes,yes,strB.1_M96392,100.0,161.4,no,yes,yes,sul1.2_CP002151,100.0,82.1,no,no,yes,yes,sul2.2_GQ421466,100.0,178.6,no,no,no,NA,NA,NA,no,no,NA,NA,NA,NA,NA,no,no,NA,NA,NA,NA,no,no,NA,NA,NA,NA,NA,no,no,NA,NA,NA,NA,NA
out.runS09211-02/report.tsv,no,no,NA,NA,NA,no,NA,NA,NA,NA,NA,no,no,NA,NA,NA,NA,NA,NA,yes,yes,aadA2.1_X68227,100.0,80.1,no,no,no,no,no,no,no,no,no,no,no,no,no,no,no,no,no,no,no,no,no,no,no,no,no,no,NA,NA,NA,NA,NA,no,no,NA,NA,NA,NA,NA,NA,NA,NA,NA,no,no,NA,NA,NA,NA,NA,yes,yes,blaCARB_2.1_M69058,100.0,102.9,no,no,no,no,NA,NA,NA,NA,NA,NA,NA,NA,NA,NA,no,no,NA,NA,NA,no,no,NA,NA,NA,NA,NA,NA,no,no,NA,NA,NA,no,no,NA,NA,NA,no,no,NA,NA,NA,NA,NA,yes,yes,floR.2_AF118107,100.0,84.5,no,no,no,no,NA,NA,NA,no,no,NA,NA,NA,no,no,NA,NA,NA,NA,no,no,NA,NA,NA,NA,fragmented,no,sul1.2_CP002151,100.0,186.7,no,no,no,no,NA,NA,NA,NA,no,no,NA,NA,NA,no,no,NA,NA,NA,NA,NA,no,no,NA,NA,NA,NA,no,no,NA,NA,NA,NA,NA,yes,yes,tet_G_.5_AF071555,100.0,80.0,no,no
out.runS09281-99/report.tsv,no,no,NA,NA,NA,no,NA,NA,NA,NA,NA,no,no,NA,NA,NA,NA,NA,NA,yes,yes,aadA2.1_X68227,100.0,55.2,no,no,no,no,no,no,no,no,no,no,no,no,no,no,no,no,no,no,no,no,no,no,no,no,no,no,NA,NA,NA,NA,NA,no,no,NA,NA,NA,NA,NA,NA,NA,NA,NA,no,no,NA,NA,NA,NA,NA,yes,yes,blaCARB_2.1_M69058,100.0,66.0,no,no,no,no,NA,NA,NA,NA,NA,NA,NA,NA,NA,NA,no,no,NA,NA,NA,no,no,NA,NA,NA,NA,NA,NA,no,no,NA,NA,NA,no,no,NA,NA,NA,no,no,NA,NA,NA,NA,NA,yes,yes,floR.2_AF118107,100.0,58.4,no,no,no,no,NA,NA,NA,no,no,NA,NA,NA,no,no,NA,NA,NA,NA,no,no,NA,NA,NA,NA,fragmented,no,sul1.2_CP002151,100.0,128.0,no,no,no,no,NA,NA,NA,NA,no,no,NA,NA,NA,no,no,NA,NA,NA,NA,NA,no,no,NA,NA,NA,NA,no,no,NA,NA,NA,NA,NA,yes,yes,tet_G_.5_AF071555,100.0,58.4,no,no
out.runS10023-95/report.tsv,no,no,NA,NA,NA,no,NA,NA,NA,NA,NA,no,no,NA,NA,NA,NA,NA,NA,no,no,NA,NA,NA,NA,NA,NA,NA,NA,NA,NA,NA,NA,NA,NA,NA,NA,NA,NA,NA,NA,NA,NA,NA,NA,NA,NA,NA,NA,no,NA,NA,NA,NA,NA,no,no,NA,NA,NA,NA,NA,NA,NA,NA,NA,no,no,NA,NA,NA,NA,NA,no,no,NA,NA,NA,NA,NA,no,no,NA,NA,NA,NA,NA,NA,NA,NA,NA,NA,no,no,NA,NA,NA,no,no,NA,NA,NA,NA,NA,NA,no,no,NA,NA,NA,no,no,NA,NA,NA,no,no,NA,NA,NA,NA,NA,no,no,NA,NA,NA,NA,NA,NA,no,NA,NA,NA,no,no,NA,NA,NA,no,no,NA,NA,NA,NA,no,no,NA,NA,NA,NA,no,no,NA,NA,NA,NA,NA,no,no,NA,NA,NA,NA,no,no,NA,NA,NA,no,no,NA,NA,NA,NA,NA,no,no,NA,NA,NA,NA,no,no,NA,NA,NA,NA,NA,no,no,NA,NA,NA,NA,NA
out.runS10423-92/report.tsv,no,no,NA,NA,NA,no,NA,NA,NA,NA,NA,yes,yes,aadA1.5_JX185132,100.0,51.3,no,no,no,no,no,NA,NA,NA,NA,NA,NA,NA,NA,NA,NA,NA,NA,NA,NA,NA,NA,NA,NA,NA,NA,NA,NA,NA,NA,NA,NA,NA,NA,no,NA,NA,NA,NA,NA,no,no,NA,NA,NA,NA,NA,NA,NA,NA,NA,no,no,NA,NA,NA,NA,NA,no,no,NA,NA,NA,NA,NA,yes_nonunique,yes,blaTEM_81.1_AF427127,99.88,381.7,yes,no,no,no,no,no,yes,yes,yes,catA1.1_V00622,99.85,40.2,no,no,NA,NA,NA,NA,NA,NA,yes,yes,dfrA1.30_JQ690541,100.0,42.4,no,no,NA,NA,NA,no,no,NA,NA,NA,NA,NA,no,no,NA,NA,NA,NA,NA,NA,no,NA,NA,NA,yes,yes,mph_B_.1_D85892,100.0,52.0,yes,yes,strA.4_AF321551,100.0,41.3,no,yes,yes,strB.1_M96392,100.0,39.0,no,yes,yes,sul1.1_AY224185,100.0,42.5,no,no,yes_nonunique,yes,sul2.2_GQ421466,100.0,292.1,yes,no,no,NA,NA,NA,no,no,NA,NA,NA,NA,NA,yes,yes,tet_B_.4_AF326777,100.0,62.6,no,no,no,NA,NA,NA,NA,NA,no,no,NA,NA,NA,NA,NA
out.runS10543-93/report.tsv,no,no,NA,NA,NA,interrupted,aac_3__IVa.1_X01385,99.87,23.5,yes,yes,yes,yes,aadA1.3_JQ414041,100.0,69.0,no,no,no,no,no,NA,NA,NA,NA,NA,NA,NA,NA,NA,NA,NA,NA,NA,NA,NA,NA,NA,NA,NA,NA,NA,NA,NA,NA,NA,NA,NA,NA,no,NA,NA,NA,NA,NA,no,no,NA,NA,NA,NA,NA,NA,NA,NA,NA,yes,yes,aph_4__Ia.1_V01499,100.0,25.6,no,no,no,no,NA,NA,NA,NA,NA,yes_nonunique,yes,blaTEM_81.1_AF427127,99.88,489.8,yes,no,no,no,no,no,yes,yes,yes,catA1.1_V00622,99.85,33.7,no,no,NA,NA,NA,NA,NA,NA,no,no,NA,NA,NA,no,no,NA,NA,NA,yes,yes,dfrA14.1_DQ388123,99.79,54.0,yes,yes,no,no,NA,NA,NA,NA,NA,NA,no,NA,NA,NA,no,no,NA,NA,NA,yes,yes,strA.4_AF321551,100.0,19.9,no,yes,yes,strB.1_M96392,100.0,24.7,no,yes,yes,sul1.1_AY224185,100.0,59.4,no,no,yes,yes,sul2.2_GQ421466,100.0,219.3,no,no,no,NA,NA,NA,no,no,NA,NA,NA,NA,NA,yes,yes,tet_B_.4_AF326777,100.0,41.2,no,no,no,NA,NA,NA,NA,NA,no,no,NA,NA,NA,NA,NA
out.runS10905-92/report.tsv,no,no,NA,NA,NA,no,NA,NA,NA,NA,NA,no,no,NA,NA,NA,NA,NA,NA,yes,yes,aadA2.1_X68227,100.0,98.1,no,no,no,no,no,no,no,no,no,no,no,no,no,no,no,no,no,no,no,no,no,no,no,no,no,no,NA,NA,NA,NA,NA,no,no,NA,NA,NA,NA,NA,NA,NA,NA,NA,no,no,NA,NA,NA,NA,NA,yes,yes,blaCARB_2.1_M69058,100.0,108.4,no,no,no,no,NA,NA,NA,NA,NA,NA,NA,NA,NA,NA,no,no,NA,NA,NA,no,no,NA,NA,NA,NA,NA,NA,no,no,NA,NA,NA,no,no,NA,NA,NA,no,no,NA,NA,NA,NA,NA,yes,yes,floR.2_AF118107,100.0,102.3,no,no,no,no,NA,NA,NA,no,no,NA,NA,NA,no,no,NA,NA,NA,NA,no,no,NA,NA,NA,NA,fragmented,no,sul1.2_CP002151,100.0,216.1,no,no,no,no,NA,NA,NA,NA,no,no,NA,NA,NA,no,no,NA,NA,NA,NA,NA,no,no,NA,NA,NA,NA,no,no,NA,NA,NA,NA,NA,yes,yes,tet_G_.5_AF071555,100.0,99.4,no,no
out.runS11013-96/report.tsv,no,no,NA,NA,NA,no,NA,NA,NA,NA,NA,no,no,NA,NA,NA,NA,NA,NA,yes,yes,aadA2.1_X68227,100.0,97.5,no,no,no,no,no,no,no,no,no,no,no,no,no,no,no,no,no,no,no,no,no,no,no,no,no,no,NA,NA,NA,NA,NA,no,no,NA,NA,NA,NA,NA,NA,NA,NA,NA,no,no,NA,NA,NA,NA,NA,no,no,NA,NA,NA,NA,NA,no,no,NA,NA,NA,NA,NA,NA,NA,NA,NA,NA,no,no,NA,NA,NA,no,no,NA,NA,NA,NA,NA,NA,no,no,NA,NA,NA,no,no,NA,NA,NA,no,no,NA,NA,NA,NA,NA,no,no,NA,NA,NA,NA,NA,NA,no,NA,NA,NA,no,no,NA,NA,NA,no,no,NA,NA,NA,NA,no,no,NA,NA,NA,NA,yes,yes,sul1.2_CP002151,100.0,90.8,no,no,no,no,NA,NA,NA,NA,no,no,NA,NA,NA,no,no,NA,NA,NA,NA,NA,no,no,NA,NA,NA,NA,no,no,NA,NA,NA,NA,NA,no,no,NA,NA,NA,NA,NA
out.runS12144-92/report.tsv,no,no,NA,NA,NA,no,NA,NA,NA,NA,NA,no,no,NA,NA,NA,NA,NA,NA,no,no,NA,NA,NA,NA,NA,NA,NA,NA,NA,NA,NA,NA,NA,NA,NA,NA,NA,NA,NA,NA,NA,NA,NA,NA,NA,NA,NA,NA,no,NA,NA,NA,NA,NA,no,no,NA,NA,NA,NA,NA,NA,NA,NA,NA,no,no,NA,NA,NA,NA,NA,no,no,NA,NA,NA,NA,NA,no,no,NA,NA,NA,NA,NA,NA,NA,NA,NA,NA,no,no,NA,NA,NA,no,no,NA,NA,NA,NA,NA,NA,no,no,NA,NA,NA,no,no,NA,NA,NA,no,no,NA,NA,NA,NA,NA,no,no,NA,NA,NA,NA,NA,NA,no,NA,NA,NA,no,no,NA,NA,NA,no,no,NA,NA,NA,NA,no,no,NA,NA,NA,NA,no,no,NA,NA,NA,NA,NA,no,no,NA,NA,NA,NA,no,no,NA,NA,NA,no,no,NA,NA,NA,NA,NA,no,no,NA,NA,NA,NA,no,no,NA,NA,NA,NA,NA,no,no,NA,NA,NA,NA,NA
