#ariba_ref_name	ref_name	gene	var_only	flag	reads	cluster	ref_len	ref_base_assembled	pc_ident	ctg	ctg_len	ctg_cov	known_var	var_type	var_seq_type	known_var_change	has_known_var	ref_ctg_change	ref_ctg_effect	ref_start	ref_end	ref_nt	ctg_start	ctg_end	ctg_nt	smtls_total_depth	smtls_nts	smtls_nts_depth	var_description	free_text
aadA1.3_JQ414041	aadA1.3_JQ414041	1	0	27	1248	aadA-	792	792	100.0	aadA-.l6.c17.ctg.2	1927	37.6	.	.	.	.	.	.	.	.	.	.	.	.	.	.	.	.	.	Original name: aadA1_3_JQ414041
aadA2.2_JQ364967	aadA2.2_JQ364967	1	0	655	642	aadA-_1	792	792	100.0	aadA-_1.l15.c30.ctg.1	2087	36.2	0	HET	.	.	.	G357A	.	357	357	G	1027	1027	G	60	G,A	46,14	.	Original name: aadA2_2_JQ364967
aadA2.2_JQ364967	aadA2.2_JQ364967	1	0	655	642	aadA-_1	792	792	100.0	aadA-_1.l15.c30.ctg.1	2087	36.2	0	HET	.	.	.	A393G,T	.	393	393	A	1063	1063	A	65	A,G,T	49,15,1	.	Original name: aadA2_2_JQ364967
aadA2.2_JQ364967	aadA2.2_JQ364967	1	0	655	642	aadA-_1	792	792	100.0	aadA-_1.l15.c30.ctg.1	2087	36.2	0	HET	.	.	.	C400T	.	400	400	C	1070	1070	C	67	C,T	52,15	.	Original name: aadA2_2_JQ364967
aadA2.2_JQ364967	aadA2.2_JQ364967	1	0	655	642	aadA-_1	792	792	100.0	aadA-_1.l15.c30.ctg.1	2087	36.2	0	HET	.	.	.	T405G	.	405	405	T	1075	1075	T	68	T,G	53,15	.	Original name: aadA2_2_JQ364967
aadA2.2_JQ364967	aadA2.2_JQ364967	1	0	655	642	aadA-_1	792	792	100.0	aadA-_1.l15.c30.ctg.1	2087	36.2	0	HET	.	.	.	T377C	.	377	377	T	1047	1047	T	66	T,C	51,15	.	Original name: aadA2_2_JQ364967
aadA2.2_JQ364967	aadA2.2_JQ364967	1	0	655	642	aadA-_1	792	310	91.29	aadA-_1.l15.c30.ctg.2	708	4.5	0	.	p	.	0	R167N	NONSYN	499	501	AGG	32	34	AAT	7;7;7	A;A;T	6;6;6	.	Original name: aadA2_2_JQ364967
aadA2.2_JQ364967	aadA2.2_JQ364967	1	0	655	642	aadA-_1	792	310	91.29	aadA-_1.l15.c30.ctg.2	708	4.5	0	.	p	.	0	K171T	NONSYN	511	513	AAG	44	46	ACG	7;7;7	A;C;G	6;6;6	.	Original name: aadA2_2_JQ364967
aadA2.2_JQ364967	aadA2.2_JQ364967	1	0	655	642	aadA-_1	792	310	91.29	aadA-_1.l15.c30.ctg.2	708	4.5	0	.	p	.	0	Q176P	NONSYN	526	528	CAG	59	61	CCG	7;7;7	C;C;G	6;6;6	.	Original name: aadA2_2_JQ364967
aadA2.2_JQ364967	aadA2.2_JQ364967	1	0	655	642	aadA-_1	792	310	91.29	aadA-_1.l15.c30.ctg.2	708	4.5	0	.	p	.	0	I198V	NONSYN	592	594	ATA	125	127	GTA	2;1;1	G;T;A	2;1;1	.	Original name: aadA2_2_JQ364967
aadA2.2_JQ364967	aadA2.2_JQ364967	1	0	655	642	aadA-_1	792	310	91.29	aadA-_1.l15.c30.ctg.2	708	4.5	0	.	p	.	0	I213M	NONSYN	637	639	ATA	170	172	ATG	ND;ND;ND	ND;ND;ND	ND;ND;ND	.	Original name: aadA2_2_JQ364967
aadA2.2_JQ364967	aadA2.2_JQ364967	1	0	655	642	aadA-_1	792	310	91.29	aadA-_1.l15.c30.ctg.2	708	4.5	0	.	p	.	0	K214E	NONSYN	640	642	AAA	173	175	GAG	ND;ND;ND	ND;ND;ND	ND;ND;ND	.	Original name: aadA2_2_JQ364967
aadA2.2_JQ364967	aadA2.2_JQ364967	1	0	655	642	aadA-_1	792	310	91.29	aadA-_1.l15.c30.ctg.2	708	4.5	0	.	p	.	0	L224I	NONSYN	670	672	TTA	203	205	ATA	ND;ND;ND	ND;ND;ND	ND;ND;ND	.	Original name: aadA2_2_JQ364967
aadA2.2_JQ364967	aadA2.2_JQ364967	1	0	655	642	aadA-_1	792	310	91.29	aadA-_1.l15.c30.ctg.2	708	4.5	0	.	p	.	0	K228R	NONSYN	682	684	AAG	215	217	AGA	ND;ND;ND	ND;ND;ND	ND;ND;ND	.	Original name: aadA2_2_JQ364967
aadA2.2_JQ364967	aadA2.2_JQ364967	1	0	655	642	aadA-_1	792	310	91.29	aadA-_1.l15.c30.ctg.2	708	4.5	0	.	p	.	0	K235E	NONSYN	703	705	AAA	236	238	GAA	ND;ND;ND	ND;ND;ND	ND;ND;ND	.	Original name: aadA2_2_JQ364967
aadA2.2_JQ364967	aadA2.2_JQ364967	1	0	655	642	aadA-_1	792	310	91.29	aadA-_1.l15.c30.ctg.2	708	4.5	0	.	p	.	0	H238R	NONSYN	712	714	CAC	245	247	CGC	ND;ND;ND	ND;ND;ND	ND;ND;ND	.	Original name: aadA2_2_JQ364967
aadA2.2_JQ364967	aadA2.2_JQ364967	1	0	655	642	aadA-_1	792	310	91.29	aadA-_1.l15.c30.ctg.2	708	4.5	0	.	p	.	0	H245Q	NONSYN	733	735	CAC	266	268	CAG	ND;ND;ND	ND;ND;ND	ND;ND;ND	.	Original name: aadA2_2_JQ364967
aadA2.2_JQ364967	aadA2.2_JQ364967	1	0	655	642	aadA-_1	792	310	91.29	aadA-_1.l15.c30.ctg.2	708	4.5	0	.	p	.	0	I250V	NONSYN	748	750	ATT	281	283	GTT	6;6;6	G;T;T	6;6;6	.	Original name: aadA2_2_JQ364967
aadA2.2_JQ364967	aadA2.2_JQ364967	1	0	655	642	aadA-_1	792	310	91.29	aadA-_1.l15.c30.ctg.2	708	4.5	0	.	p	.	0	R251H	NONSYN	751	753	CGC	284	286	CAC	6;6;6	C;A;C	6;6;6	.	Original name: aadA2_2_JQ364967
aadA2.2_JQ364967	aadA2.2_JQ364967	1	0	655	642	aadA-_1	792	310	91.29	aadA-_1.l15.c30.ctg.2	708	4.5	0	.	p	.	0	F252Y	NONSYN	754	756	TTT	287	289	TAC	6;6;6	T;A;C	6;6;6	.	Original name: aadA2_2_JQ364967
blaTEM_1B.1_JF910132	blaTEM_1B.1_JF910132	1	0	27	594	blaTEM_-	861	861	100.0	blaTEM_-.l15.c4.ctg.1	2020	36.7	.	.	.	.	.	.	.	.	.	.	.	.	.	.	.	.	.	Original name: blaTEM-1B_1_JF910132
cmlA1.1_M64556	cmlA1.1_M64556	1	0	539	794	cml-	1260	1260	99.92	cml-.l15.c4.ctg.1	2567	38.7	0	.	p	.	0	G412E	NONSYN	1234	1236	GGA	1874	1876	GAA	63;62;62	G;A;A	63;62;62	.	Original name: cmlA1_1_M64556
dfrA12.1_AB571791	dfrA12.1_AB571791	1	0	27	492	dfrA12	498	498	100.0	dfrA12.l6.c17.ctg.1	1737	35.3	.	.	.	.	.	.	.	.	.	.	.	.	.	.	.	.	.	Original name: dfrA12_1_AB571791
mef_B_.1_FJ196385	mef_B_.1_FJ196385	1	0	16	270	mef_B_	1230	248	100.0	mef_B_.l15.c17.ctg.1	1445	23.1	.	.	.	.	.	.	.	.	.	.	.	.	.	.	.	.	.	Original name: mef(B)_1_FJ196385
strA.4_AF321551	strA.4_AF321551	1	0	27	132	strA	804	804	100.0	strA.l15.c30.ctg.1	1658	9.3	.	.	.	.	.	.	.	.	.	.	.	.	.	.	.	.	.	Original name: strA_4_AF321551
strB.1_M96392	strB.1_M96392	1	0	27	106	strB	837	837	100.0	strB.l15.c4.ctg.1	1092	9.1	.	.	.	.	.	.	.	.	.	.	.	.	.	.	.	.	.	Original name: strB_1_M96392
sul2.2_GQ421466	sul2.2_GQ421466	1	0	27	132	sul2	816	816	100.0	sul2.l15.c4.ctg.1	1617	10.1	.	.	.	.	.	.	.	.	.	.	.	.	.	.	.	.	.	Original name: sul2_2_GQ421466
sul3.2_AJ459418	sul3.2_AJ459418	1	0	27	696	sul3	792	792	100.0	sul3.l15.c4.ctg.1	2145	40.5	.	.	.	.	.	.	.	.	.	.	.	.	.	.	.	.	.	Original name: sul3_2_AJ459418
tet_A_.4_AJ517790	tet_A_.4_AJ517790	1	0	27	162	tet_A_	1200	1200	100.0	tet_A_.l15.c30.ctg.1	2135	9.5	.	.	.	.	.	.	.	.	.	.	.	.	.	.	.	.	.	Original name: tet(A)_4_AJ517790
