"","sample","amr","rese"
"1","S10423-92","AMP","TP"
"2","S10905-92","AMP","TP"
"3","S12144-92","AMP","TN"
"4","S08411-93","AMP","TP"
"5","S10543-93","AMP","TP"
"6","S01145-94","AMP","TN"
"7","S06719-94","AMP","TP"
"8","S07452-95","AMP","TP"
"9","S07591-95","AMP","TP"
"10","S09202-95","AMP","TN"
"11","S10023-95","AMP","TN"
"12","S07487-96","AMP","TN"
"13","S07497-96","AMP","TN"
"14","S08761-96","AMP","TN"
"15","S11013-96","AMP","TN"
"16","S04246-97","AMP","TN"
"17","S04790-97","AMP","TP"
"18","S05339-97","AMP","TN"
"19","S08457-97","AMP","TN"
"20","S09137-97","AMP","TP"
"21","S01591-98","AMP","TN"
"22","S01727-98","AMP","TP"
"23","S08887-98","AMP","TP"
"24","S01131-99","AMP","TP"
"25","S03558-99","AMP","TP"
"26","S04322-99","AMP","TP"
"27","S06618-99","AMP","TN"
"28","S07406-99","AMP","TN"
"29","S09281-99","AMP","TP"
"30","S01117-00","AMP","TP"
"31","S01566-00","AMP","TP"
"32","S01761-00","AMP","TP"
"33","S03883-00","AMP","TP"
"34","S06756-00","AMP","TP"
"35","S00285-01","AMP","TP"
"36","S00430-01","AMP","TP"
"37","S02202-01","AMP","TP"
"38","S02606-01","AMP","FP"
"39","S03249-01","AMP","TP"
"40","S04173-01","AMP","TP"
"41","S00795-02","AMP","TP"
"42","S03622-02","AMP","TN"
"43","S03632-02","AMP","TN"
"44","S06290-02","AMP","TP"
"45","S09211-02","AMP","TP"
"46","S00039-03","AMP","TP"
"47","S03612-03","AMP","TN"
"48","S04066-03","AMP","TP"
"49","S04294-03","AMP","TP"
"50","S06036-03","AMP","TP"
"51","S06216-03","AMP","TP"
"52","S07053-03","AMP","TP"
"53","S07102-03","AMP","TN"
"54","S07623-03","AMP","TP"
"55","S07625-03","AMP","TP"
"56","S07896-03","AMP","TP"
"57","S01710-04","AMP","TP"
"58","S02357-04","AMP","TN"
"59","S04488-04","AMP","TP"
"60","S04635-04","AMP","FN"
"61","L00911-05","AMP","TN"
"62","L02428-05","AMP","TN"
"63","S06569-05","AMP","TN"
"64","L00886-06","AMP","TN"
"65","S02185-06","AMP","TN"
"66","S03274-06","AMP","TN"
"67","L00461-07","AMP","TP"
"68","S02159-07","AMP","TN"
"69","S04055-07","AMP","TN"
"70","L01077-08","AMP","TN"
"71","S00083-08","AMP","TP"
"72","S01194-08","AMP","TP"
"73","S02790-08","AMP","TN"
"74","S06001-08","AMP","TN"
"75","L01443-09","AMP","TN"
"76","S04655-09","AMP","FN"
"77","S05231-09","AMP","TP"
"78","S05290-09","AMP","TN"
"79","L00005-10","AMP","TP"
"80","L00427-10","AMP","TP"
"81","S00399-10","AMP","TN"
"82","S03040-10","AMP","TP"
"83","L00738-11","AMP","TN"
"84","L00746-11","AMP","TN"
"85","L00777-11","AMP","FP"
"86","L01210-11","AMP","FP"
"87","S00454-11","AMP","TN"
"88","S01727-11","AMP","TN"
"89","S02336-11","AMP","TN"
"90","S02636-11","AMP","TP"
"91","S03924-11","AMP","TN"
"92","S02347-12","AMP","TP"
"93","S06636-12","AMP","TN"
"94","S00478-13","AMP","TP"
"95","S01870-13","AMP","TP"
"96","S03120-13","AMP","TN"
"97","S03862-13","AMP","TN"
"98","S01119-14","AMP","TP"
"99","S02289-14","AMP","TP"
"100","S03086-14","AMP","TP"
"101","S03195-14","AMP","TP"
"102","S05247-14","AMP","TP"
"103","S10423-92","CHL","FP"
"104","S10905-92","CHL","TP"
"105","S12144-92","CHL","TN"
"106","S08411-93","CHL","TP"
"107","S10543-93","CHL","TP"
"108","S01145-94","CHL","TN"
"109","S06719-94","CHL","TP"
"110","S07452-95","CHL","TP"
"111","S07591-95","CHL","TP"
"112","S09202-95","CHL","TN"
"113","S10023-95","CHL","TN"
"114","S07487-96","CHL","TN"
"115","S07497-96","CHL","TN"
"116","S08761-96","CHL","TN"
"117","S11013-96","CHL","TN"
"118","S04246-97","CHL","TN"
"119","S04790-97","CHL","TP"
"120","S05339-97","CHL","TN"
"121","S08457-97","CHL","TN"
"122","S09137-97","CHL","TP"
"123","S01591-98","CHL","TN"
"124","S01727-98","CHL","TP"
"125","S08887-98","CHL","TN"
"126","S01131-99","CHL","TP"
"127","S03558-99","CHL","TP"
"128","S04322-99","CHL","TP"
"129","S06618-99","CHL","FN"
"130","S07406-99","CHL","TN"
"131","S09281-99","CHL","TP"
"132","S01117-00","CHL","FN"
"133","S01566-00","CHL","TP"
"134","S01761-00","CHL","TP"
"135","S03883-00","CHL","TP"
"136","S06756-00","CHL","TN"
"137","S00285-01","CHL","TP"
"138","S00430-01","CHL","TP"
"139","S02202-01","CHL","TP"
"140","S02606-01","CHL","FP"
"141","S03249-01","CHL","TP"
"142","S04173-01","CHL","TP"
"143","S00795-02","CHL","TP"
"144","S03622-02","CHL","TN"
"145","S03632-02","CHL","TP"
"146","S06290-02","CHL","TP"
"147","S09211-02","CHL","TP"
"148","S00039-03","CHL","TP"
"149","S03612-03","CHL","TN"
"150","S04066-03","CHL","TN"
"151","S04294-03","CHL","TP"
"152","S06036-03","CHL","TP"
"153","S06216-03","CHL","TP"
"154","S07053-03","CHL","TP"
"155","S07102-03","CHL","TN"
"156","S07623-03","CHL","TP"
"157","S07625-03","CHL","TP"
"158","S07896-03","CHL","TP"
"159","S01710-04","CHL","TN"
"160","S02357-04","CHL","TN"
"161","S04488-04","CHL","TP"
"162","S04635-04","CHL","FN"
"163","L00911-05","CHL","TN"
"164","L02428-05","CHL","TN"
"165","S06569-05","CHL","TN"
"166","L00886-06","CHL","TN"
"167","S02185-06","CHL","TN"
"168","S03274-06","CHL","TN"
"169","L00461-07","CHL","TP"
"170","S02159-07","CHL","TN"
"171","S04055-07","CHL","TP"
"172","L01077-08","CHL","TN"
"173","S00083-08","CHL","TP"
"174","S01194-08","CHL","TN"
"175","S02790-08","CHL","TN"
"176","S06001-08","CHL","TN"
"177","L01443-09","CHL","TN"
"178","S04655-09","CHL","TP"
"179","S05231-09","CHL","TP"
"180","S05290-09","CHL","TN"
"181","L00005-10","CHL","TP"
"182","L00427-10","CHL","TN"
"183","S00399-10","CHL","TN"
"184","S03040-10","CHL","TP"
"185","L00738-11","CHL","TN"
"186","L00746-11","CHL","TP"
"187","L00777-11","CHL","FP"
"188","L01210-11","CHL","TP"
"189","S00454-11","CHL","TN"
"190","S01727-11","CHL","TN"
"191","S02336-11","CHL","TN"
"192","S02636-11","CHL","TP"
"193","S03924-11","CHL","TP"
"194","S02347-12","CHL","TN"
"195","S06636-12","CHL","TN"
"196","S00478-13","CHL","TN"
"197","S01870-13","CHL","TN"
"198","S03120-13","CHL","TN"
"199","S03862-13","CHL","TN"
"200","S01119-14","CHL","TP"
"201","S02289-14","CHL","TN"
"202","S03086-14","CHL","TN"
"203","S03195-14","CHL","TN"
"204","S05247-14","CHL","TN"
"205","S10423-92","CIP","TN"
"206","S10905-92","CIP","TN"
"207","S12144-92","CIP","TN"
"208","S08411-93","CIP","TN"
"209","S10543-93","CIP","TN"
"210","S01145-94","CIP","TN"
"211","S06719-94","CIP","TN"
"212","S07452-95","CIP","TN"
"213","S07591-95","CIP","TN"
"214","S09202-95","CIP","TN"
"215","S10023-95","CIP","TP"
"216","S07487-96","CIP","TN"
"217","S07497-96","CIP","TP"
"218","S08761-96","CIP","TN"
"219","S11013-96","CIP","TN"
"220","S04246-97","CIP","TN"
"221","S04790-97","CIP","TN"
"222","S05339-97","CIP","TN"
"223","S08457-97","CIP","TN"
"224","S09137-97","CIP","TN"
"225","S01591-98","CIP","TN"
"226","S01727-98","CIP","TN"
"227","S08887-98","CIP","TP"
"228","S01131-99","CIP","TN"
"229","S03558-99","CIP","TN"
"230","S04322-99","CIP","TN"
"231","S06618-99","CIP","TP"
"232","S07406-99","CIP","TN"
"233","S09281-99","CIP","TP"
"234","S01117-00","CIP","FN"
"235","S01566-00","CIP","TP"
"236","S01761-00","CIP","TN"
"237","S03883-00","CIP","TN"
"238","S06756-00","CIP","TP"
"239","S00285-01","CIP","TN"
"240","S00430-01","CIP","TP"
"241","S02202-01","CIP","TN"
"242","S02606-01","CIP","FN"
"243","S03249-01","CIP","TN"
"244","S04173-01","CIP","TN"
"245","S00795-02","CIP","TN"
"246","S03622-02","CIP","TN"
"247","S03632-02","CIP","TN"
"248","S06290-02","CIP","TP"
"249","S09211-02","CIP","TN"
"250","S00039-03","CIP","TN"
"251","S03612-03","CIP","TN"
"252","S04066-03","CIP","TN"
"253","S04294-03","CIP","TN"
"254","S06036-03","CIP","TP"
"255","S06216-03","CIP","TN"
"256","S07053-03","CIP","TP"
"257","S07102-03","CIP","TN"
"258","S07623-03","CIP","TP"
"259","S07625-03","CIP","TP"
"260","S07896-03","CIP","TN"
"261","S01710-04","CIP","TN"
"262","S02357-04","CIP","TN"
"263","S04488-04","CIP","TN"
"264","S04635-04","CIP","FN"
"265","L00911-05","CIP","TN"
"266","L02428-05","CIP","TN"
"267","S06569-05","CIP","TN"
"268","L00886-06","CIP","TN"
"269","S02185-06","CIP","TN"
"270","S03274-06","CIP","TP"
"271","L00461-07","CIP","TP"
"272","S02159-07","CIP","TN"
"273","S04055-07","CIP","TP"
"274","L01077-08","CIP","TN"
"275","S00083-08","CIP","TN"
"276","S01194-08","CIP","TP"
"277","S02790-08","CIP","TN"
"278","S06001-08","CIP","TP"
"279","L01443-09","CIP","TN"
"280","S04655-09","CIP","FN"
"281","S05231-09","CIP","TP"
"282","S05290-09","CIP","TN"
"283","L00005-10","CIP","TN"
"284","L00427-10","CIP","TN"
"285","S00399-10","CIP","TN"
"286","S03040-10","CIP","TP"
"287","L00738-11","CIP","TP"
"288","L00746-11","CIP","TN"
"289","L00777-11","CIP","TN"
"290","L01210-11","CIP","TN"
"291","S00454-11","CIP","TN"
"292","S01727-11","CIP","TP"
"293","S02336-11","CIP","TN"
"294","S02636-11","CIP","TN"
"295","S03924-11","CIP","TN"
"296","S02347-12","CIP","TP"
"297","S06636-12","CIP","TN"
"298","S00478-13","CIP","TN"
"299","S01870-13","CIP","TN"
"300","S03120-13","CIP","TN"
"301","S03862-13","CIP","TN"
"302","S01119-14","CIP","TN"
"303","S02289-14","CIP","TN"
"304","S03086-14","CIP","TN"
"305","S03195-14","CIP","TN"
"306","S05247-14","CIP","TN"
"307","S10423-92","GEN","TN"
"308","S10905-92","GEN","TN"
"309","S12144-92","GEN","TN"
"310","S08411-93","GEN","TN"
"311","S10543-93","GEN","FN"
"312","S01145-94","GEN","TN"
"313","S06719-94","GEN","TN"
"314","S07452-95","GEN","TN"
"315","S07591-95","GEN","TN"
"316","S09202-95","GEN","TN"
"317","S10023-95","GEN","TN"
"318","S07487-96","GEN","TN"
"319","S07497-96","GEN","TN"
"320","S08761-96","GEN","TN"
"321","S11013-96","GEN","TN"
"322","S04246-97","GEN","TN"
"323","S04790-97","GEN","TN"
"324","S05339-97","GEN","TN"
"325","S08457-97","GEN","TN"
"326","S09137-97","GEN","TN"
"327","S01591-98","GEN","TN"
"328","S01727-98","GEN","TN"
"329","S08887-98","GEN","TN"
"330","S01131-99","GEN","TN"
"331","S03558-99","GEN","TN"
"332","S04322-99","GEN","TN"
"333","S06618-99","GEN","TN"
"334","S07406-99","GEN","TN"
"335","S09281-99","GEN","TN"
"336","S01117-00","GEN","TN"
"337","S01566-00","GEN","TN"
"338","S01761-00","GEN","TN"
"339","S03883-00","GEN","TN"
"340","S06756-00","GEN","TN"
"341","S00285-01","GEN","TN"
"342","S00430-01","GEN","TN"
"343","S02202-01","GEN","TN"
"344","S02606-01","GEN","TN"
"345","S03249-01","GEN","TN"
"346","S04173-01","GEN","TN"
"347","S00795-02","GEN","TN"
"348","S03622-02","GEN","TN"
"349","S03632-02","GEN","TN"
"350","S06290-02","GEN","TN"
"351","S09211-02","GEN","TN"
"352","S00039-03","GEN","TN"
"353","S03612-03","GEN","TN"
"354","S04066-03","GEN","TN"
"355","S04294-03","GEN","TN"
"356","S06036-03","GEN","TN"
"357","S06216-03","GEN","TN"
"358","S07053-03","GEN","TN"
"359","S07102-03","GEN","TN"
"360","S07623-03","GEN","TN"
"361","S07625-03","GEN","TN"
"362","S07896-03","GEN","TN"
"363","S01710-04","GEN","FN"
"364","S02357-04","GEN","TN"
"365","S04488-04","GEN","FN"
"366","S04635-04","GEN","TN"
"367","L00911-05","GEN","TN"
"368","L02428-05","GEN","FN"
"369","S06569-05","GEN","TN"
"370","L00886-06","GEN","TN"
"371","S02185-06","GEN","TN"
"372","S03274-06","GEN","TN"
"373","L00461-07","GEN","TN"
"374","S02159-07","GEN","TN"
"375","S04055-07","GEN","TN"
"376","L01077-08","GEN","TN"
"377","S00083-08","GEN","TN"
"378","S01194-08","GEN","TN"
"379","S02790-08","GEN","TN"
"380","S06001-08","GEN","TN"
"381","L01443-09","GEN","TN"
"382","S04655-09","GEN","TN"
"383","S05231-09","GEN","TN"
"384","S05290-09","GEN","TN"
"385","L00005-10","GEN","TN"
"386","L00427-10","GEN","TN"
"387","S00399-10","GEN","TN"
"388","S03040-10","GEN","TN"
"389","L00738-11","GEN","TN"
"390","L00746-11","GEN","FN"
"391","L00777-11","GEN","TN"
"392","L01210-11","GEN","TN"
"393","S00454-11","GEN","TN"
"394","S01727-11","GEN","TN"
"395","S02336-11","GEN","TN"
"396","S02636-11","GEN","TN"
"397","S03924-11","GEN","FN"
"398","S02347-12","GEN","TN"
"399","S06636-12","GEN","FN"
"400","S00478-13","GEN","FN"
"401","S01870-13","GEN","TN"
"402","S03120-13","GEN","TN"
"403","S03862-13","GEN","TN"
"404","S01119-14","GEN","TN"
"405","S02289-14","GEN","TN"
"406","S03086-14","GEN","TN"
"407","S03195-14","GEN","TN"
"408","S05247-14","GEN","TN"
"409","S10423-92","NAL","TN"
"410","S10905-92","NAL","TN"
"411","S12144-92","NAL","TN"
"412","S08411-93","NAL","TN"
"413","S10543-93","NAL","TN"
"414","S01145-94","NAL","TN"
"415","S06719-94","NAL","TN"
"416","S07452-95","NAL","TN"
"417","S07591-95","NAL","TN"
"418","S09202-95","NAL","TN"
"419","S10023-95","NAL","TP"
"420","S07487-96","NAL","TN"
"421","S07497-96","NAL","TP"
"422","S08761-96","NAL","TN"
"423","S11013-96","NAL","TN"
"424","S04246-97","NAL","TN"
"425","S04790-97","NAL","TN"
"426","S05339-97","NAL","TN"
"427","S08457-97","NAL","TN"
"428","S09137-97","NAL","TN"
"429","S01591-98","NAL","TN"
"430","S01727-98","NAL","TN"
"431","S08887-98","NAL","TP"
"432","S01131-99","NAL","TN"
"433","S03558-99","NAL","TN"
"434","S04322-99","NAL","TN"
"435","S06618-99","NAL","TP"
"436","S07406-99","NAL","TN"
"437","S09281-99","NAL","TP"
"438","S01117-00","NAL","FN"
"439","S01566-00","NAL","TP"
"440","S01761-00","NAL","TN"
"441","S03883-00","NAL","TN"
"442","S06756-00","NAL","TP"
"443","S00285-01","NAL","TN"
"444","S00430-01","NAL","TP"
"445","S02202-01","NAL","TN"
"446","S02606-01","NAL","FN"
"447","S03249-01","NAL","TN"
"448","S04173-01","NAL","TN"
"449","S00795-02","NAL","TN"
"450","S03622-02","NAL","TN"
"451","S03632-02","NAL","TN"
"452","S06290-02","NAL","TP"
"453","S09211-02","NAL","TN"
"454","S00039-03","NAL","TN"
"455","S03612-03","NAL","TN"
"456","S04066-03","NAL","TN"
"457","S04294-03","NAL","TN"
"458","S06036-03","NAL","TP"
"459","S06216-03","NAL","TN"
"460","S07053-03","NAL","TP"
"461","S07102-03","NAL","TN"
"462","S07623-03","NAL","TP"
"463","S07625-03","NAL","TP"
"464","S07896-03","NAL","TN"
"465","S01710-04","NAL","TN"
"466","S02357-04","NAL","TN"
"467","S04488-04","NAL","TN"
"468","S04635-04","NAL","FN"
"469","L00911-05","NAL","TN"
"470","L02428-05","NAL","TN"
"471","S06569-05","NAL","TN"
"472","L00886-06","NAL","TN"
"473","S02185-06","NAL","TN"
"474","S03274-06","NAL","TP"
"475","L00461-07","NAL","TP"
"476","S02159-07","NAL","TN"
"477","S04055-07","NAL","TP"
"478","L01077-08","NAL","TN"
"479","S00083-08","NAL","TN"
"480","S01194-08","NAL","TP"
"481","S02790-08","NAL","TN"
"482","S06001-08","NAL","TP"
"483","L01443-09","NAL","TN"
"484","S04655-09","NAL","FN"
"485","S05231-09","NAL","TP"
"486","S05290-09","NAL","TN"
"487","L00005-10","NAL","TN"
"488","L00427-10","NAL","TN"
"489","S00399-10","NAL","TN"
"490","S03040-10","NAL","TP"
"491","L00738-11","NAL","TP"
"492","L00746-11","NAL","TN"
"493","L00777-11","NAL","TN"
"494","L01210-11","NAL","TN"
"495","S00454-11","NAL","TN"
"496","S01727-11","NAL","TP"
"497","S02336-11","NAL","TN"
"498","S02636-11","NAL","TN"
"499","S03924-11","NAL","TN"
"500","S02347-12","NAL","TP"
"501","S06636-12","NAL","FN"
"502","S00478-13","NAL","TN"
"503","S01870-13","NAL","TN"
"504","S03120-13","NAL","TN"
"505","S03862-13","NAL","TN"
"506","S01119-14","NAL","TN"
"507","S02289-14","NAL","TN"
"508","S03086-14","NAL","TN"
"509","S03195-14","NAL","TN"
"510","S05247-14","NAL","TN"
"511","S10423-92","STR","TP"
"512","S10905-92","STR","TP"
"513","S12144-92","STR","TN"
"514","S08411-93","STR","TP"
"515","S10543-93","STR","TP"
"516","S01145-94","STR","TN"
"517","S06719-94","STR","TP"
"518","S07452-95","STR","TP"
"519","S07591-95","STR","TP"
"520","S09202-95","STR","TP"
"521","S10023-95","STR","TN"
"522","S07487-96","STR","TN"
"523","S07497-96","STR","TP"
"524","S08761-96","STR","TN"
"525","S11013-96","STR","TP"
"526","S04246-97","STR","TN"
"527","S04790-97","STR","TP"
"528","S05339-97","STR","TP"
"529","S08457-97","STR","TN"
"530","S09137-97","STR","TP"
"531","S01591-98","STR","TN"
"532","S01727-98","STR","TP"
"533","S08887-98","STR","TN"
"534","S01131-99","STR","TP"
"535","S03558-99","STR","TP"
"536","S04322-99","STR","TP"
"537","S06618-99","STR","TP"
"538","S07406-99","STR","TN"
"539","S09281-99","STR","TP"
"540","S01117-00","STR","FN"
"541","S01566-00","STR","TP"
"542","S01761-00","STR","TP"
"543","S03883-00","STR","TP"
"544","S06756-00","STR","TN"
"545","S00285-01","STR","TP"
"546","S00430-01","STR","TP"
"547","S02202-01","STR","TP"
"548","S02606-01","STR","FP"
"549","S03249-01","STR","TP"
"550","S04173-01","STR","TP"
"551","S00795-02","STR","FP"
"552","S03622-02","STR","TN"
"553","S03632-02","STR","FP"
"554","S06290-02","STR","TP"
"555","S09211-02","STR","TP"
"556","S00039-03","STR","TP"
"557","S03612-03","STR","TN"
"558","S04066-03","STR","TN"
"559","S04294-03","STR","TP"
"560","S06036-03","STR","TP"
"561","S06216-03","STR","TP"
"562","S07053-03","STR","TP"
"563","S07102-03","STR","TN"
"564","S07623-03","STR","TP"
"565","S07625-03","STR","TP"
"566","S07896-03","STR","TP"
"567","S01710-04","STR","TP"
"568","S02357-04","STR","FN"
"569","S04488-04","STR","TP"
"570","S04635-04","STR","TP"
"571","L00911-05","STR","TN"
"572","L02428-05","STR","FN"
"573","S06569-05","STR","TP"
"574","L00886-06","STR","TN"
"575","S02185-06","STR","FN"
"576","S03274-06","STR","TN"
"577","L00461-07","STR","TP"
"578","S02159-07","STR","TN"
"579","S04055-07","STR","TP"
"580","L01077-08","STR","TN"
"581","S00083-08","STR","TP"
"582","S01194-08","STR","TN"
"583","S02790-08","STR","TN"
"584","S06001-08","STR","TP"
"585","L01443-09","STR","TN"
"586","S04655-09","STR","TP"
"587","S05231-09","STR","TP"
"588","S05290-09","STR","TN"
"589","L00005-10","STR","TP"
"590","L00427-10","STR","TP"
"591","S00399-10","STR","TN"
"592","S03040-10","STR","TP"
"593","L00738-11","STR","TN"
"594","L00746-11","STR","TP"
"595","L00777-11","STR","FP"
"596","L01210-11","STR","TP"
"597","S00454-11","STR","TN"
"598","S01727-11","STR","TN"
"599","S02336-11","STR","TN"
"600","S02636-11","STR","FP"
"601","S03924-11","STR","TP"
"602","S02347-12","STR","FP"
"603","S06636-12","STR","TP"
"604","S00478-13","STR","TP"
"605","S01870-13","STR","TP"
"606","S03120-13","STR","TN"
"607","S03862-13","STR","FN"
"608","S01119-14","STR","TP"
"609","S02289-14","STR","TP"
"610","S03086-14","STR","TP"
"611","S03195-14","STR","TP"
"612","S05247-14","STR","TP"
"613","S10423-92","SMX","TP"
"614","S10905-92","SMX","FN"
"615","S12144-92","SMX","TN"
"616","S08411-93","SMX","FN"
"617","S10543-93","SMX","TP"
"618","S01145-94","SMX","TN"
"619","S06719-94","SMX","FN"
"620","S07452-95","SMX","FN"
"621","S07591-95","SMX","FN"
"622","S09202-95","SMX","TP"
"623","S10023-95","SMX","TN"
"624","S07487-96","SMX","TN"
"625","S07497-96","SMX","TP"
"626","S08761-96","SMX","TN"
"627","S11013-96","SMX","TP"
"628","S04246-97","SMX","TP"
"629","S04790-97","SMX","TP"
"630","S05339-97","SMX","TP"
"631","S08457-97","SMX","TN"
"632","S09137-97","SMX","FN"
"633","S01591-98","SMX","TN"
"634","S01727-98","SMX","FN"
"635","S08887-98","SMX","TN"
"636","S01131-99","SMX","TP"
"637","S03558-99","SMX","FN"
"638","S04322-99","SMX","FN"
"639","S06618-99","SMX","TP"
"640","S07406-99","SMX","TN"
"641","S09281-99","SMX","FN"
"642","S01117-00","SMX","TP"
"643","S01566-00","SMX","TP"
"644","S01761-00","SMX","FN"
"645","S03883-00","SMX","FN"
"646","S06756-00","SMX","TP"
"647","S00285-01","SMX","TP"
"648","S00430-01","SMX","TP"
"649","S02202-01","SMX","TP"
"650","S02606-01","SMX","TN"
"651","S03249-01","SMX","TP"
"652","S04173-01","SMX","FN"
"653","S00795-02","SMX","TP"
"654","S03622-02","SMX","TN"
"655","S03632-02","SMX","TP"
"656","S06290-02","SMX","TP"
"657","S09211-02","SMX","FN"
"658","S00039-03","SMX","TP"
"659","S03612-03","SMX","TN"
"660","S04066-03","SMX","TN"
"661","S04294-03","SMX","FN"
"662","S06036-03","SMX","TP"
"663","S06216-03","SMX","TP"
"664","S07053-03","SMX","FN"
"665","S07102-03","SMX","TN"
"666","S07623-03","SMX","FN"
"667","S07625-03","SMX","FN"
"668","S07896-03","SMX","FN"
"669","S01710-04","SMX","TN"
"670","S02357-04","SMX","TN"
"671","S04488-04","SMX","FN"
"672","S04635-04","SMX","FN"
"673","L00911-05","SMX","TN"
"674","L02428-05","SMX","TN"
"675","S06569-05","SMX","TP"
"676","L00886-06","SMX","TN"
"677","S02185-06","SMX","TN"
"678","S03274-06","SMX","TN"
"679","L00461-07","SMX","FN"
"680","S02159-07","SMX","TN"
"681","S04055-07","SMX","TP"
"682","L01077-08","SMX","TP"
"683","S00083-08","SMX","TP"
"684","S01194-08","SMX","TP"
"685","S02790-08","SMX","TN"
"686","S06001-08","SMX","TP"
"687","L01443-09","SMX","TN"
"688","S04655-09","SMX","TP"
"689","S05231-09","SMX","FN"
"690","S05290-09","SMX","TN"
"691","L00005-10","SMX","TP"
"692","L00427-10","SMX","TP"
"693","S00399-10","SMX","TN"
"694","S03040-10","SMX","TP"
"695","L00738-11","SMX","TN"
"696","L00746-11","SMX","TP"
"697","L00777-11","SMX","FP"
"698","L01210-11","SMX","TP"
"699","S00454-11","SMX","TN"
"700","S01727-11","SMX","TN"
"701","S02336-11","SMX","TN"
"702","S02636-11","SMX","TP"
"703","S03924-11","SMX","TP"
"704","S02347-12","SMX","TP"
"705","S06636-12","SMX","TP"
"706","S00478-13","SMX","TP"
"707","S01870-13","SMX","TP"
"708","S03120-13","SMX","TN"
"709","S03862-13","SMX","TN"
"710","S01119-14","SMX","TP"
"711","S02289-14","SMX","TP"
"712","S03086-14","SMX","TP"
"713","S03195-14","SMX","TP"
"714","S05247-14","SMX","TP"
"715","S10423-92","SXT","TP"
"716","S10905-92","SXT","TN"
"717","S12144-92","SXT","TN"
"718","S08411-93","SXT","TN"
"719","S10543-93","SXT","TP"
"720","S01145-94","SXT","TN"
"721","S06719-94","SXT","TN"
"722","S07452-95","SXT","TN"
"723","S07591-95","SXT","TN"
"724","S09202-95","SXT","TP"
"725","S10023-95","SXT","TN"
"726","S07487-96","SXT","TN"
"727","S07497-96","SXT","TN"
"728","S08761-96","SXT","TN"
"729","S11013-96","SXT","TN"
"730","S04246-97","SXT","TP"
"731","S04790-97","SXT","TN"
"732","S05339-97","SXT","TN"
"733","S08457-97","SXT","TN"
"734","S09137-97","SXT","TN"
"735","S01591-98","SXT","TN"
"736","S01727-98","SXT","TN"
"737","S08887-98","SXT","TN"
"738","S01131-99","SXT","TP"
"739","S03558-99","SXT","TN"
"740","S04322-99","SXT","TN"
"741","S06618-99","SXT","TN"
"742","S07406-99","SXT","TN"
"743","S09281-99","SXT","TN"
"744","S01117-00","SXT","TN"
"745","S01566-00","SXT","TP"
"746","S01761-00","SXT","TN"
"747","S03883-00","SXT","TN"
"748","S06756-00","SXT","TP"
"749","S00285-01","SXT","FP"
"750","S00430-01","SXT","TN"
"751","S02202-01","SXT","FN"
"752","S02606-01","SXT","TN"
"753","S03249-01","SXT","TP"
"754","S04173-01","SXT","TN"
"755","S00795-02","SXT","TP"
"756","S03622-02","SXT","TN"
"757","S03632-02","SXT","TP"
"758","S06290-02","SXT","TP"
"759","S09211-02","SXT","TN"
"760","S00039-03","SXT","TP"
"761","S03612-03","SXT","TN"
"762","S04066-03","SXT","TN"
"763","S04294-03","SXT","TN"
"764","S06036-03","SXT","TP"
"765","S06216-03","SXT","TP"
"766","S07053-03","SXT","FN"
"767","S07102-03","SXT","TN"
"768","S07623-03","SXT","TN"
"769","S07625-03","SXT","TN"
"770","S07896-03","SXT","TN"
"771","S01710-04","SXT","FP"
"772","S02357-04","SXT","TN"
"773","S04488-04","SXT","TN"
"774","S04635-04","SXT","FN"
"775","L00911-05","SXT","TN"
"776","L02428-05","SXT","TN"
"777","S06569-05","SXT","TN"
"778","L00886-06","SXT","TN"
"779","S02185-06","SXT","TN"
"780","S03274-06","SXT","TN"
"781","L00461-07","SXT","TN"
"782","S02159-07","SXT","TN"
"783","S04055-07","SXT","FN"
"784","L01077-08","SXT","TP"
"785","S00083-08","SXT","TP"
"786","S01194-08","SXT","TP"
"787","S02790-08","SXT","TN"
"788","S06001-08","SXT","TN"
"789","L01443-09","SXT","TN"
"790","S04655-09","SXT","TP"
"791","S05231-09","SXT","TN"
"792","S05290-09","SXT","TN"
"793","L00005-10","SXT","TP"
"794","L00427-10","SXT","TP"
"795","S00399-10","SXT","TN"
"796","S03040-10","SXT","TP"
"797","L00738-11","SXT","TN"
"798","L00746-11","SXT","TP"
"799","L00777-11","SXT","FP"
"800","L01210-11","SXT","TP"
"801","S00454-11","SXT","TN"
"802","S01727-11","SXT","TN"
"803","S02336-11","SXT","TN"
"804","S02636-11","SXT","TP"
"805","S03924-11","SXT","TP"
"806","S02347-12","SXT","TN"
"807","S06636-12","SXT","TN"
"808","S00478-13","SXT","TN"
"809","S01870-13","SXT","TP"
"810","S03120-13","SXT","TN"
"811","S03862-13","SXT","TN"
"812","S01119-14","SXT","TP"
"813","S02289-14","SXT","TP"
"814","S03086-14","SXT","TN"
"815","S03195-14","SXT","TP"
"816","S05247-14","SXT","TN"
"817","S10423-92","SUL","TP"
"818","S10905-92","SUL","FN"
"819","S12144-92","SUL","TN"
"820","S08411-93","SUL","FN"
"821","S10543-93","SUL","TP"
"822","S01145-94","SUL","TN"
"823","S06719-94","SUL","FN"
"824","S07452-95","SUL","FN"
"825","S07591-95","SUL","FN"
"826","S09202-95","SUL","TP"
"827","S10023-95","SUL","TN"
"828","S07487-96","SUL","TN"
"829","S07497-96","SUL","TP"
"830","S08761-96","SUL","TN"
"831","S11013-96","SUL","TP"
"832","S04246-97","SUL","TP"
"833","S04790-97","SUL","TP"
"834","S05339-97","SUL","TP"
"835","S08457-97","SUL","TN"
"836","S09137-97","SUL","FN"
"837","S01591-98","SUL","TN"
"838","S01727-98","SUL","FN"
"839","S08887-98","SUL","TN"
"840","S01131-99","SUL","TP"
"841","S03558-99","SUL","FN"
"842","S04322-99","SUL","FN"
"843","S06618-99","SUL","TP"
"844","S07406-99","SUL","TN"
"845","S09281-99","SUL","FN"
"846","S01117-00","SUL","TP"
"847","S01566-00","SUL","TP"
"848","S01761-00","SUL","FN"
"849","S03883-00","SUL","FN"
"850","S06756-00","SUL","TP"
"851","S00285-01","SUL","TP"
"852","S00430-01","SUL","TP"
"853","S02202-01","SUL","TP"
"854","S02606-01","SUL","TN"
"855","S03249-01","SUL","TP"
"856","S04173-01","SUL","FN"
"857","S00795-02","SUL","TP"
"858","S03622-02","SUL","TN"
"859","S03632-02","SUL","TP"
"860","S06290-02","SUL","TP"
"861","S09211-02","SUL","FN"
"862","S00039-03","SUL","TP"
"863","S03612-03","SUL","TN"
"864","S04066-03","SUL","TN"
"865","S04294-03","SUL","FN"
"866","S06036-03","SUL","TP"
"867","S06216-03","SUL","TP"
"868","S07053-03","SUL","FN"
"869","S07102-03","SUL","TN"
"870","S07623-03","SUL","FN"
"871","S07625-03","SUL","FN"
"872","S07896-03","SUL","FN"
"873","S01710-04","SUL","FN"
"874","S02357-04","SUL","TN"
"875","S04488-04","SUL","FN"
"876","S04635-04","SUL","FN"
"877","L00911-05","SUL","TN"
"878","L02428-05","SUL","TN"
"879","S06569-05","SUL","TP"
"880","L00886-06","SUL","FN"
"881","S02185-06","SUL","TN"
"882","S03274-06","SUL","FN"
"883","L00461-07","SUL","FN"
"884","S02159-07","SUL","TN"
"885","S04055-07","SUL","TP"
"886","L01077-08","SUL","TP"
"887","S00083-08","SUL","TP"
"888","S01194-08","SUL","TP"
"889","S02790-08","SUL","TN"
"890","S06001-08","SUL","TP"
"891","L01443-09","SUL","TN"
"892","S04655-09","SUL","TP"
"893","S05231-09","SUL","FN"
"894","S05290-09","SUL","TN"
"895","L00005-10","SUL","TP"
"896","L00427-10","SUL","TP"
"897","S00399-10","SUL","FN"
"898","S03040-10","SUL","TP"
"899","L00738-11","SUL","FN"
"900","L00746-11","SUL","TP"
"901","L00777-11","SUL","FP"
"902","L01210-11","SUL","TP"
"903","S00454-11","SUL","TN"
"904","S01727-11","SUL","TN"
"905","S02336-11","SUL","TN"
"906","S02636-11","SUL","TP"
"907","S03924-11","SUL","TP"
"908","S02347-12","SUL","FP"
"909","S06636-12","SUL","TP"
"910","S00478-13","SUL","TP"
"911","S01870-13","SUL","TP"
"912","S03120-13","SUL","TN"
"913","S03862-13","SUL","TN"
"914","S01119-14","SUL","TP"
"915","S02289-14","SUL","TP"
"916","S03086-14","SUL","TP"
"917","S03195-14","SUL","TP"
"918","S05247-14","SUL","TP"
"919","S10423-92","TET","FP"
"920","S10905-92","TET","TP"
"921","S12144-92","TET","TN"
"922","S08411-93","TET","TP"
"923","S10543-93","TET","TP"
"924","S01145-94","TET","TN"
"925","S06719-94","TET","TP"
"926","S07452-95","TET","TP"
"927","S07591-95","TET","TP"
"928","S09202-95","TET","TN"
"929","S10023-95","TET","TN"
"930","S07487-96","TET","TP"
"931","S07497-96","TET","TN"
"932","S08761-96","TET","TP"
"933","S11013-96","TET","TN"
"934","S04246-97","TET","TP"
"935","S04790-97","TET","TP"
"936","S05339-97","TET","TN"
"937","S08457-97","TET","TN"
"938","S09137-97","TET","TP"
"939","S01591-98","TET","TN"
"940","S01727-98","TET","TP"
"941","S08887-98","TET","TN"
"942","S01131-99","TET","TP"
"943","S03558-99","TET","TP"
"944","S04322-99","TET","TP"
"945","S06618-99","TET","TN"
"946","S07406-99","TET","TP"
"947","S09281-99","TET","TP"
"948","S01117-00","TET","FN"
"949","S01566-00","TET","TP"
"950","S01761-00","TET","TP"
"951","S03883-00","TET","TP"
"952","S06756-00","TET","TP"
"953","S00285-01","TET","TP"
"954","S00430-01","TET","TP"
"955","S02202-01","TET","FP"
"956","S02606-01","TET","FP"
"957","S03249-01","TET","FP"
"958","S04173-01","TET","TP"
"959","S00795-02","TET","FP"
"960","S03622-02","TET","TN"
"961","S03632-02","TET","TN"
"962","S06290-02","TET","TN"
"963","S09211-02","TET","TP"
"964","S00039-03","TET","TN"
"965","S03612-03","TET","TN"
"966","S04066-03","TET","TN"
"967","S04294-03","TET","TP"
"968","S06036-03","TET","TP"
"969","S06216-03","TET","FP"
"970","S07053-03","TET","TP"
"971","S07102-03","TET","TN"
"972","S07623-03","TET","TP"
"973","S07625-03","TET","TP"
"974","S07896-03","TET","TP"
"975","S01710-04","TET","TN"
"976","S02357-04","TET","FN"
"977","S04488-04","TET","TP"
"978","S04635-04","TET","FN"
"979","L00911-05","TET","TP"
"980","L02428-05","TET","TN"
"981","S06569-05","TET","TP"
"982","L00886-06","TET","TN"
"983","S02185-06","TET","TP"
"984","S03274-06","TET","TN"
"985","L00461-07","TET","TP"
"986","S02159-07","TET","TN"
"987","S04055-07","TET","TP"
"988","L01077-08","TET","TP"
"989","S00083-08","TET","TP"
"990","S01194-08","TET","TP"
"991","S02790-08","TET","TN"
"992","S06001-08","TET","TP"
"993","L01443-09","TET","TN"
"994","S04655-09","TET","TP"
"995","S05231-09","TET","TP"
"996","S05290-09","TET","TN"
"997","L00005-10","TET","TN"
"998","L00427-10","TET","TP"
"999","S00399-10","TET","TN"
"1000","S03040-10","TET","TP"
"1001","L00738-11","TET","TN"
"1002","L00746-11","TET","TN"
"1003","L00777-11","TET","FP"
"1004","L01210-11","TET","TP"
"1005","S00454-11","TET","TN"
"1006","S01727-11","TET","TN"
"1007","S02336-11","TET","TN"
"1008","S02636-11","TET","TN"
"1009","S03924-11","TET","TP"
"1010","S02347-12","TET","FP"
"1011","S06636-12","TET","TP"
"1012","S00478-13","TET","TP"
"1013","S01870-13","TET","TP"
"1014","S03120-13","TET","TN"
"1015","S03862-13","TET","TN"
"1016","S01119-14","TET","TN"
"1017","S02289-14","TET","TP"
"1018","S03086-14","TET","TP"
"1019","S03195-14","TET","TP"
"1020","S05247-14","TET","TP"
"1021","S10423-92","TRI","TP"
"1022","S10905-92","TRI","TN"
"1023","S12144-92","TRI","TN"
"1024","S08411-93","TRI","TN"
"1025","S10543-93","TRI","TP"
"1026","S01145-94","TRI","TN"
"1027","S06719-94","TRI","TN"
"1028","S07452-95","TRI","TN"
"1029","S07591-95","TRI","TN"
"1030","S09202-95","TRI","TP"
"1031","S10023-95","TRI","TN"
"1032","S07487-96","TRI","TN"
"1033","S07497-96","TRI","TN"
"1034","S08761-96","TRI","TN"
"1035","S11013-96","TRI","TN"
"1036","S04246-97","TRI","TP"
"1037","S04790-97","TRI","TN"
"1038","S05339-97","TRI","TN"
"1039","S08457-97","TRI","TN"
"1040","S09137-97","TRI","TN"
"1041","S01591-98","TRI","TN"
"1042","S01727-98","TRI","TN"
"1043","S08887-98","TRI","TN"
"1044","S01131-99","TRI","TP"
"1045","S03558-99","TRI","TN"
"1046","S04322-99","TRI","TN"
"1047","S06618-99","TRI","TN"
"1048","S07406-99","TRI","TN"
"1049","S09281-99","TRI","TN"
"1050","S01117-00","TRI","TN"
"1051","S01566-00","TRI","TP"
"1052","S01761-00","TRI","TN"
"1053","S03883-00","TRI","TN"
"1054","S06756-00","TRI","TP"
"1055","S00285-01","TRI","FP"
"1056","S00430-01","TRI","TN"
"1057","S02202-01","TRI","FN"
"1058","S02606-01","TRI","TN"
"1059","S03249-01","TRI","TP"
"1060","S04173-01","TRI","TN"
"1061","S00795-02","TRI","TP"
"1062","S03622-02","TRI","TN"
"1063","S03632-02","TRI","TP"
"1064","S06290-02","TRI","TP"
"1065","S09211-02","TRI","TN"
"1066","S00039-03","TRI","TP"
"1067","S03612-03","TRI","TN"
"1068","S04066-03","TRI","TN"
"1069","S04294-03","TRI","TN"
"1070","S06036-03","TRI","TP"
"1071","S06216-03","TRI","TP"
"1072","S07053-03","TRI","TN"
"1073","S07102-03","TRI","TN"
"1074","S07623-03","TRI","TN"
"1075","S07625-03","TRI","TN"
"1076","S07896-03","TRI","TN"
"1077","S01710-04","TRI","TP"
"1078","S02357-04","TRI","TN"
"1079","S04488-04","TRI","TN"
"1080","S04635-04","TRI","FN"
"1081","L00911-05","TRI","TN"
"1082","L02428-05","TRI","TN"
"1083","S06569-05","TRI","TN"
"1084","L00886-06","TRI","TN"
"1085","S02185-06","TRI","TN"
"1086","S03274-06","TRI","TN"
"1087","L00461-07","TRI","TN"
"1088","S02159-07","TRI","TN"
"1089","S04055-07","TRI","TN"
"1090","L01077-08","TRI","TP"
"1091","S00083-08","TRI","TP"
"1092","S01194-08","TRI","TP"
"1093","S02790-08","TRI","TN"
"1094","S06001-08","TRI","TN"
"1095","L01443-09","TRI","TN"
"1096","S04655-09","TRI","TP"
"1097","S05231-09","TRI","TN"
"1098","S05290-09","TRI","TN"
"1099","L00005-10","TRI","TP"
"1100","L00427-10","TRI","TP"
"1101","S00399-10","TRI","TN"
"1102","S03040-10","TRI","TP"
"1103","L00738-11","TRI","TN"
"1104","L00746-11","TRI","TP"
"1105","L00777-11","TRI","FP"
"1106","L01210-11","TRI","TP"
"1107","S00454-11","TRI","TN"
"1108","S01727-11","TRI","TN"
"1109","S02336-11","TRI","TN"
"1110","S02636-11","TRI","TP"
"1111","S03924-11","TRI","TP"
"1112","S02347-12","TRI","TN"
"1113","S06636-12","TRI","TN"
"1114","S00478-13","TRI","TN"
"1115","S01870-13","TRI","TP"
"1116","S03120-13","TRI","TN"
"1117","S03862-13","TRI","TN"
"1118","S01119-14","TRI","TP"
"1119","S02289-14","TRI","TP"
"1120","S03086-14","TRI","TN"
"1121","S03195-14","TRI","TP"
"1122","S05247-14","TRI","TN"
